Contract,Type,Address,Owner,ProxyType,ProxyAdmin,ProxyAdminType,ProxyAdminOwner,Implementation,Beacon,BeaconOwner,AutoUpgrade,AccessControl,ACOwner,ACType,LockStatus
AppLock,Aux,0xB19B9df023a9D372728cFc70847DBBB9AD59337f,0xaAFa8246dE0ae0e7b81125db325e9B39BED43B49,-,-,-,-,-,-,-,-,-,-,-,LOCKED
AccountLock,Aux,0x793e4aeB8fd54f5Eb2B185f25F7767D417Ba5B94,0xaAFa8246dE0ae0e7b81125db325e9B39BED43B49,-,-,-,-,-,-,-,-,-,-,-,LOCKED
FeedLock,Aux,0xA22DC11ED96Ce8f6c26a2361926910d5b8c56299,0xaAFa8246dE0ae0e7b81125db325e9B39BED43B49,-,-,-,-,-,-,-,-,-,-,-,LOCKED
GraphLock,Aux,0x64ab11f8bAe0f75f071EfcE027E8AB3633252902,0xaAFa8246dE0ae0e7b81125db325e9B39BED43B49,-,-,-,-,-,-,-,-,-,-,-,LOCKED
GroupLock,Aux,0xe6939785c7b36394B35e72E13B86F17b5223B75d,0xaAFa8246dE0ae0e7b81125db325e9B39BED43B49,-,-,-,-,-,-,-,-,-,-,-,LOCKED
NamespaceLock,Aux,0x8d2eb35e3f4c10fEe90640C6051064426f368d16,0xaAFa8246dE0ae0e7b81125db325e9B39BED43B49,-,-,-,-,-,-,-,-,-,-,-,LOCKED
AccessControlLock,Aux,0xC00c2b2F3b7e6DAe4a45823361c460c5735Fc984,0xaAFa8246dE0ae0e7b81125db325e9B39BED43B49,-,-,-,-,-,-,-,-,-,-,-,LOCKED
AppBeacon,Beacon,0xF968b41ee7BF6f8bFFB71CD38905f9943Ff4ffbB,0xaAFa8246dE0ae0e7b81125db325e9B39BED43B49,-,-,-,-,0xBF3773B6a2B4ac8c1D3e38B6f362bD4B74398b6C,-,0xaAFa8246dE0ae0e7b81125db325e9B39BED43B49,-,-,-,-,-
AccountBeacon,Beacon,0x677D8BEe894ae646Ceb1cfCe7dB16de2ef2792e5,0xaAFa8246dE0ae0e7b81125db325e9B39BED43B49,-,-,-,-,0x6b7CD0beC10f8F7D3ECD8159f978a42ab97Ac4cA,-,0xaAFa8246dE0ae0e7b81125db325e9B39BED43B49,-,-,-,-,-
FeedBeacon,Beacon,0xe8Cb8DA8d2Ea4C5A40E6d8D4F3181AfdB9409D66,0xaAFa8246dE0ae0e7b81125db325e9B39BED43B49,-,-,-,-,0x35c283825A8157362A1E2e2986C7E4ce2A9B742b,-,0xaAFa8246dE0ae0e7b81125db325e9B39BED43B49,-,-,-,-,-
GraphBeacon,Beacon,0x3195c60A6869C3614949EE02eE21116891CF6c17,0xaAFa8246dE0ae0e7b81125db325e9B39BED43B49,-,-,-,-,0xf1E38F8C92Ef37585BceF08FbD59e64f5a4B1871,-,0xaAFa8246dE0ae0e7b81125db325e9B39BED43B49,-,-,-,-,-
GroupBeacon,Beacon,0xE995ecD7310EA8c764d7Fa9c145Ac42538ce0338,0xaAFa8246dE0ae0e7b81125db325e9B39BED43B49,-,-,-,-,0x39aAfc30684956BC872E6109877650817Da74b5F,-,0xaAFa8246dE0ae0e7b81125db325e9B39BED43B49,-,-,-,-,-
NamespaceBeacon,Beacon,0xD381e0d1500bA1bddc2593CB8044eff3a68AB486,0xaAFa8246dE0ae0e7b81125db325e9B39BED43B49,-,-,-,-,0xe3afBf23d2054e13A1c0373061945b8cc024B968,-,0xaAFa8246dE0ae0e7b81125db325e9B39BED43B49,-,-,-,-,-
AccessControlFactory,Factory,0x0d028419c270C2d366929f459418a4905D1B778F,-,EIP1967,0xaAFa8246dE0ae0e7b81125db325e9B39BED43B49,EOA,0xaAFa8246dE0ae0e7b81125db325e9B39BED43B49,0x2c87697FACd319959BEA999dd2cC7d27342F3554,-,-,-,-,-,-,-
AccountFactory,Factory,0x26C7fd63B06deb4F9E4B5955D540767b9Ac7bbaa,-,EIP1967,0xa36Ba0Fd8cD35266A5E6CEdfB7E969BeEED32d64,contract,-,0xE238cEFc68F9CD55061a8Ab7E339cF9178dFf55B,-,-,-,-,-,-,-
AppFactory,Factory,0xB3b7502C47E16a1E3c6d660b73006f45Ec327B0B,-,EIP1967,0xaAFa8246dE0ae0e7b81125db325e9B39BED43B49,EOA,0xaAFa8246dE0ae0e7b81125db325e9B39BED43B49,0x7599371450F2D8e0d47a9A1cceba263c07326500,-,-,-,-,-,-,-
FeedFactory,Factory,0x591c6e036a6bC92C6bF0d1dB991D06E74C2B9a6A,-,EIP1967,0xaAFa8246dE0ae0e7b81125db325e9B39BED43B49,EOA,0xaAFa8246dE0ae0e7b81125db325e9B39BED43B49,0xB86fD4e2e4B6497Be2124060E8876F6e2270D517,-,-,-,-,-,-,-
GraphFactory,Factory,0x837E95c3A69Cd6efa3eCDE87A3a07801AAB25Ba0,-,EIP1967,0xaAFa8246dE0ae0e7b81125db325e9B39BED43B49,EOA,0xaAFa8246dE0ae0e7b81125db325e9B39BED43B49,0x6D47B89d2b42680091C71c2B518e497727D60a5A,-,-,-,-,-,-,-
GroupFactory,Factory,0x9810C41e805164f30b58395b2Af976B3229b0CE6,-,EIP1967,0xaAFa8246dE0ae0e7b81125db325e9B39BED43B49,EOA,0xaAFa8246dE0ae0e7b81125db325e9B39BED43B49,0xd789934b2200ac1fC54Ba89fa24E2aE7BCEf6Be5,-,-,-,-,-,-,-
NamespaceFactory,Factory,0x3155ccbeefbA266a4B6060fB1F9d4b8591d1De3F,-,EIP1967,0xaAFa8246dE0ae0e7b81125db325e9B39BED43B49,EOA,0xaAFa8246dE0ae0e7b81125db325e9B39BED43B49,0x840C2394546C410AAe6D14D127CF8f14B5ed041C,-,-,-,-,-,-,-
LensFactory,Factory,0x1fa75D26819Ac733bf7B1C1B36C3F8aEF32d2Cc0,-,EIP1967,0xa36Ba0Fd8cD35266A5E6CEdfB7E969BeEED32d64,contract,0xa36Ba0Fd8cD35266A5E6CEdfB7E969BeEED32d64,0xd28bBAd2Cd8047d09cEB72FDE7f372e89DC3525F,-,-,-,-,-,-,-
LensGlobalFeed,Primitive,0xcB5E109FFC0E15565082d78E68dDDf2573703580,-,BeaconProxy,0x779637148bF919fcAA886b154033375e0E58E5F3,contract,0xaAFa8246dE0ae0e7b81125db325e9B39BED43B49,0x35c283825A8157362A1E2e2986C7E4ce2A9B742b,0xe8Cb8DA8d2Ea4C5A40E6d8D4F3181AfdB9409D66,0xaAFa8246dE0ae0e7b81125db325e9B39BED43B49,true,0x873aa7B4E8000dE3cdF27D33D9662eB0542bddB6,0xaAFa8246dE0ae0e7b81125db325e9B39BED43B49,OwnerAdminOnlyAccessControl,-
LensGlobalGraph,Primitive,0x433025d9718302E7B2e1853D712d96F00764513F,-,BeaconProxy,0x5eb4A88e061205Be727E7c8EEFD48EA14774aCb0,contract,0xaAFa8246dE0ae0e7b81125db325e9B39BED43B49,0xf1E38F8C92Ef37585BceF08FbD59e64f5a4B1871,0x3195c60A6869C3614949EE02eE21116891CF6c17,0xaAFa8246dE0ae0e7b81125db325e9B39BED43B49,true,0x46946a7A6535041Ae43d3AEEEca7fF89D8EDE7E8,0xaAFa8246dE0ae0e7b81125db325e9B39BED43B49,OwnerAdminOnlyAccessControl,-
LensGlobalNamespace,Primitive,0x1aA55B9042f08f45825dC4b651B64c9F98Af4615,-,BeaconProxy,0x576Cac536B1D1Cf0c6aB0f8d711aa79539F155CE,contract,0xaAFa8246dE0ae0e7b81125db325e9B39BED43B49,0xe3afBf23d2054e13A1c0373061945b8cc024B968,0xD381e0d1500bA1bddc2593CB8044eff3a68AB486,0xaAFa8246dE0ae0e7b81125db325e9B39BED43B49,true,0x69ED620464Ea22c6a00bd09C97AA002075038aB9,0xaAFa8246dE0ae0e7b81125db325e9B39BED43B49,OwnerAdminOnlyAccessControl,-
ActionHub,Aux,0xc6D57Ee750Ef2ee017a9E985A0C4198bEd16A802,-,EIP1967,0xaAFa8246dE0ae0e7b81125db325e9B39BED43B49,EOA,0xaAFa8246dE0ae0e7b81125db325e9B39BED43B49,0x4596724eA4bA9Cac81CDcD0d1ca860a3a92248b5,-,-,-,-,-,-,-
LensFees,Aux,0xFd577b6317F4ab53D5675E85b8DEB7A814165C3C,-,EIP1967,0xaAFa8246dE0ae0e7b81125db325e9B39BED43B49,EOA,0xaAFa8246dE0ae0e7b81125db325e9B39BED43B49,0xE23292bEA6bb5874A839a7E1FfB7301657353187,-,-,-,-,-,-,-
TippingAccountAction,Action,0x20170F1e53851dF4d9ea236a28399493C5B152c0,0xf129e522Edf091d6D66f28429aF41A8F030aaD4c,EIP1967,0xaAFa8246dE0ae0e7b81125db325e9B39BED43B49,EOA,0xaAFa8246dE0ae0e7b81125db325e9B39BED43B49,0xA2fc9eDa3F7f90DA9f7Fa40646d631986D5B3c74,-,-,-,-,-,-,-
TippingPostAction,Action,0x4984Ec4FfD17E64c8F91691D829BD5aeA287E47b,0xf129e522Edf091d6D66f28429aF41A8F030aaD4c,EIP1967,0xaAFa8246dE0ae0e7b81125db325e9B39BED43B49,EOA,0xaAFa8246dE0ae0e7b81125db325e9B39BED43B49,0xc976641660A15cc66C26f10BD72e4F956EAAFD4f,-,-,-,-,-,-,-
SimpleCollectAction,Action,0x1cEE1cd464C4E44e80aCDB0B0e33f88849070F6E,0xf129e522Edf091d6D66f28429aF41A8F030aaD4c,EIP1967,0xaAFa8246dE0ae0e7b81125db325e9B39BED43B49,EOA,0xaAFa8246dE0ae0e7b81125db325e9B39BED43B49,0x549B53Ee0D0b554bB6Bc436Abc48EA24493FF5B6,-,-,-,-,-,-,-
AccountBlockingRule,Rule,0x3B766408f14141F4B567681A1c29CFB58D1C1574,0xf129e522Edf091d6D66f28429aF41A8F030aaD4c,EIP1967,0xaAFa8246dE0ae0e7b81125db325e9B39BED43B49,EOA,0xaAFa8246dE0ae0e7b81125db325e9B39BED43B49,0xb6607e2678FD4b28858Ee7ee447C236d23b71c28,-,-,-,-,-,-,-
AdditionRemovalPidGroupRule,Rule,0x5C990114129dAb27F015F2d5ba756bD102807b86,0xf129e522Edf091d6D66f28429aF41A8F030aaD4c,EIP1967,0xaAFa8246dE0ae0e7b81125db325e9B39BED43B49,EOA,0xaAFa8246dE0ae0e7b81125db325e9B39BED43B49,0xf0d5B29A3F1Ad9CCfb26c9E58D11Bb3DFD382727,-,-,-,-,-,-,-
BanMemberGroupRule,Rule,0xe12543e5f917adA5aeF92B26Bc08E1925ec9F53F,0xf129e522Edf091d6D66f28429aF41A8F030aaD4c,EIP1967,0xaAFa8246dE0ae0e7b81125db325e9B39BED43B49,EOA,0xaAFa8246dE0ae0e7b81125db325e9B39BED43B49,0x10A5b2f7430b85B117E7DE77b9343e024193c7Ac,-,-,-,-,-,-,-
GroupGatedFeedRule,Rule,0x40a2A352583B266097234f1260B5AAfB7B129047,0xf129e522Edf091d6D66f28429aF41A8F030aaD4c,EIP1967,0xaAFa8246dE0ae0e7b81125db325e9B39BED43B49,EOA,0xaAFa8246dE0ae0e7b81125db325e9B39BED43B49,0x3Ccda5a574B75afbFc235E6fC25c940df181d956,-,-,-,-,-,-,-
UsernameLengthNamespaceRule,Rule,0xb541055222C87EE86A72558e8B582a9C0158A0d8,0xf129e522Edf091d6D66f28429aF41A8F030aaD4c,EIP1967,0xaAFa8246dE0ae0e7b81125db325e9B39BED43B49,EOA,0xaAFa8246dE0ae0e7b81125db325e9B39BED43B49,0xbe2d90D7b7b7c237f16c16424A6FAe9400A4767B,-,-,-,-,-,-,-
UsernameReservedNamespaceRule,Rule,0x0E8B9960f2a891A561f2d52F0Cd98cCA19CDF8c9,0xf129e522Edf091d6D66f28429aF41A8F030aaD4c,EIP1967,0xaAFa8246dE0ae0e7b81125db325e9B39BED43B49,EOA,0xaAFa8246dE0ae0e7b81125db325e9B39BED43B49,0x5B00ec39877EdD2711480A713712f6e02be9e214,-,-,-,-,-,-,-
UsernameSimpleCharsetNamespaceRule,Rule,0x5DBE2054903512ff26E336C0cBdEd6E0DDBEAc4F,0xf129e522Edf091d6D66f28429aF41A8F030aaD4c,EIP1967,0xaAFa8246dE0ae0e7b81125db325e9B39BED43B49,EOA,0xaAFa8246dE0ae0e7b81125db325e9B39BED43B49,0x1F8D82763f04e544278522b923eA924258dF9c2C,-,-,-,-,-,-,-
SimplePaymentFeedRule,Rule,0xD79dfb3f8290c0Da1899B91C3BbFE9aB56198004,0xf129e522Edf091d6D66f28429aF41A8F030aaD4c,EIP1967,0xaAFa8246dE0ae0e7b81125db325e9B39BED43B49,EOA,0xaAFa8246dE0ae0e7b81125db325e9B39BED43B49,0xd9d34b26259ca6EE44bfd1040498095B86E8a796,-,-,-,-,-,-,-
TokenGatedFeedRule,Rule,0xe320D45b21243771dC5a47909DB2389Abab81d5B,0xf129e522Edf091d6D66f28429aF41A8F030aaD4c,EIP1967,0xaAFa8246dE0ae0e7b81125db325e9B39BED43B49,EOA,0xaAFa8246dE0ae0e7b81125db325e9B39BED43B49,0xEfE523C811220ce8929491a6e9620Fc58b197fC8,-,-,-,-,-,-,-
TokenGatedGraphRule,Rule,0x24779f9c251Cc5C2Ac0aE5C9f274666224e78035,0xf129e522Edf091d6D66f28429aF41A8F030aaD4c,EIP1967,0xaAFa8246dE0ae0e7b81125db325e9B39BED43B49,EOA,0xaAFa8246dE0ae0e7b81125db325e9B39BED43B49,0x84204cfeA1306f3Ca7dde38dc1a387E68F55A08E,-,-,-,-,-,-,-
FollowersOnlyPostRule,Rule,0x4f573ed906Cf23cb43f86ad461d10e43E29802ce,0xf129e522Edf091d6D66f28429aF41A8F030aaD4c,EIP1967,0xaAFa8246dE0ae0e7b81125db325e9B39BED43B49,EOA,0xaAFa8246dE0ae0e7b81125db325e9B39BED43B49,0x71ee189620688D9199d92145E8f58fC516673F47,-,-,-,-,-,-,-
GroupGatedGraphRule,Rule,0x754839C5917a063EB923e83f1194E6737BbB451C,0xf129e522Edf091d6D66f28429aF41A8F030aaD4c,EIP1967,0xaAFa8246dE0ae0e7b81125db325e9B39BED43B49,EOA,0xaAFa8246dE0ae0e7b81125db325e9B39BED43B49,0xea1Bb2580F3Ef742B1c3f0247CfBEAA35572db66,-,-,-,-,-,-,-
SimplePaymentFollowRule,Rule,0x10E044f026bD51f855a10F2277e35Ed4c896db7e,0xf129e522Edf091d6D66f28429aF41A8F030aaD4c,EIP1967,0xaAFa8246dE0ae0e7b81125db325e9B39BED43B49,EOA,0xaAFa8246dE0ae0e7b81125db325e9B39BED43B49,0x8F7F84D11Ea2454914900ccDaf834912597e4e36,-,-,-,-,-,-,-
TokenGatedFollowRule,Rule,0x8b39e5E2B7a4Ce8FcD8F4601Ca1a43486A9d7Ca4,0xf129e522Edf091d6D66f28429aF41A8F030aaD4c,EIP1967,0xaAFa8246dE0ae0e7b81125db325e9B39BED43B49,EOA,0xaAFa8246dE0ae0e7b81125db325e9B39BED43B49,0xFB18116CC5fbDF492ecaa353F9BF915940A16E89,-,-,-,-,-,-,-
MembershipApprovalGroupRule,Rule,0x353064B2EE992483398dAb32267E1aD597e502B9,0xf129e522Edf091d6D66f28429aF41A8F030aaD4c,EIP1967,0xaAFa8246dE0ae0e7b81125db325e9B39BED43B49,EOA,0xaAFa8246dE0ae0e7b81125db325e9B39BED43B49,0xB07A14a7D743E054666AB72720562F6b8ba0235c,-,-,-,-,-,-,-
SimplePaymentGroupRule,Rule,0x6d2251D69fba6D7e761c72d55Cf478d741cB4Ac1,0xf129e522Edf091d6D66f28429aF41A8F030aaD4c,EIP1967,0xaAFa8246dE0ae0e7b81125db325e9B39BED43B49,EOA,0xaAFa8246dE0ae0e7b81125db325e9B39BED43B49,0x6B32CB6Bd0F966A3a1b8ea88819657aaC614a900,-,-,-,-,-,-,-
TokenGatedGroupRule,Rule,0x0740653858863E8f4f0c734553c2bEf0Dc54Bfa9,0xf129e522Edf091d6D66f28429aF41A8F030aaD4c,EIP1967,0xaAFa8246dE0ae0e7b81125db325e9B39BED43B49,EOA,0xaAFa8246dE0ae0e7b81125db325e9B39BED43B49,0x352E52D5Ba3d1141159490Ed2da9D09048Fcd09e,-,-,-,-,-,-,-
TokenGatedNamespaceRule,Rule,0xd108e4215963f9CB13f47A4B08110D0fF51D52D8,0xf129e522Edf091d6D66f28429aF41A8F030aaD4c,EIP1967,0xaAFa8246dE0ae0e7b81125db325e9B39BED43B49,EOA,0xaAFa8246dE0ae0e7b81125db325e9B39BED43B49,0x676f6A3ebED48a0E21118B0D98C5F20067983Eab,-,-,-,-,-,-,-
UsernamePricePerLengthNamespaceRule,Rule,0xad917a20bca258020FF81590f62Ff05366eBb180,0xf129e522Edf091d6D66f28429aF41A8F030aaD4c,EIP1967,0xaAFa8246dE0ae0e7b81125db325e9B39BED43B49,EOA,0xaAFa8246dE0ae0e7b81125db325e9B39BED43B49,0xFDD1eD00eFAB19fD43217cD56217466720e33717,-,-,-,-,-,-,-
LensNativePaymentHelper,Aux,0x1cCf0A481e3824E271C4b89a79E00c838D4A465B,-,EIP1967,0xaAFa8246dE0ae0e7b81125db325e9B39BED43B49,EOA,0xaAFa8246dE0ae0e7b81125db325e9B39BED43B49,0xf14155b9F77E2302A8a849038B94891F98909C7b,-,-,-,-,-,-,-
TokenDistributor,Misc,0x2a705184A6Bb7Dd185E4534d79E441B3edA1082c,0xDA1F6A04fDF31b9B9AD4F6E4cc85Dcf1D5365DA6,EIP1967,0xaAFa8246dE0ae0e7b81125db325e9B39BED43B49,EOA,0xaAFa8246dE0ae0e7b81125db325e9B39BED43B49,0xC76589dcaaf4e4A2B83EF0f1cb6514e8fB5Db958,-,-,-,-,-,-,-