DateTime,BlockNumber,ContractName,ContractType,ProxyType,Address,EventName,Param1Name,Param1Value,Param2Name,Param2Value,TransactionHash
2025-03-04 14:29:28 UTC,5,AccessControlLock,Aux,-,0xC00c2b2F3b7e6DAe4a45823361c460c5735Fc984,Lens_Lock_LockStatusSet_Global,locked,true,-,-,0x960180847798aa4ec210905f84497500474bf1a9d26bc3424f2f87ec91f59b21
2025-03-04 18:17:33 UTC,21,AccessControlFactory,Factory,EIP1967,0x0d028419c270C2d366929f459418a4905D1B778F,AdminChanged,previousAdmin,-,newAdmin,-,0xf6badbdb26c39620df45fda1387c349edc3010a2271e41ae5b5325f3ed06360a
2025-03-04 18:17:33 UTC,21,AccessControlFactory,Factory,EIP1967,0x0d028419c270C2d366929f459418a4905D1B778F,Upgraded,implementation,0xB65c139d884cB4C0dBDa66414b1fb79b7A83c840,-,-,0xf6badbdb26c39620df45fda1387c349edc3010a2271e41ae5b5325f3ed06360a
2025-03-04 18:17:33 UTC,21,AccountBeacon,Beacon,-,0x677D8BEe894ae646Ceb1cfCe7dB16de2ef2792e5,DefaultVersionSet,version,1,-,-,0xf6badbdb26c39620df45fda1387c349edc3010a2271e41ae5b5325f3ed06360a
2025-03-04 18:17:33 UTC,21,AccountBeacon,Beacon,-,0x677D8BEe894ae646Ceb1cfCe7dB16de2ef2792e5,ImplementationSetForVersion,version,1,implementation,0xEE68eFA6E190d9660Ac9de06A46f4Fa2BE967a2B,0xf6badbdb26c39620df45fda1387c349edc3010a2271e41ae5b5325f3ed06360a
2025-03-04 18:17:33 UTC,21,AccountFactory,Factory,EIP1967,0x26C7fd63B06deb4F9E4B5955D540767b9Ac7bbaa,AdminChanged,previousAdmin,-,newAdmin,-,0xf6badbdb26c39620df45fda1387c349edc3010a2271e41ae5b5325f3ed06360a
2025-03-04 18:17:33 UTC,21,AccountFactory,Factory,EIP1967,0x26C7fd63B06deb4F9E4B5955D540767b9Ac7bbaa,Upgraded,implementation,0xF90a52bE40Bfb8d8CE9fB33451e460B911758282,-,-,0xf6badbdb26c39620df45fda1387c349edc3010a2271e41ae5b5325f3ed06360a
2025-03-04 18:17:33 UTC,21,AppBeacon,Beacon,-,0xF968b41ee7BF6f8bFFB71CD38905f9943Ff4ffbB,DefaultVersionSet,version,1,-,-,0xf6badbdb26c39620df45fda1387c349edc3010a2271e41ae5b5325f3ed06360a
2025-03-04 18:17:33 UTC,21,AppBeacon,Beacon,-,0xF968b41ee7BF6f8bFFB71CD38905f9943Ff4ffbB,ImplementationSetForVersion,version,1,implementation,0xE7e494707cDA8f3767d45EFB6187440d64a471B4,0xf6badbdb26c39620df45fda1387c349edc3010a2271e41ae5b5325f3ed06360a
2025-03-04 18:17:33 UTC,21,AppFactory,Factory,EIP1967,0xB3b7502C47E16a1E3c6d660b73006f45Ec327B0B,AdminChanged,previousAdmin,-,newAdmin,-,0xf6badbdb26c39620df45fda1387c349edc3010a2271e41ae5b5325f3ed06360a
2025-03-04 18:17:33 UTC,21,AppFactory,Factory,EIP1967,0xB3b7502C47E16a1E3c6d660b73006f45Ec327B0B,Upgraded,implementation,0x3B16C934d85dCa9Fe367fE75D5bB3634a10B420B,-,-,0xf6badbdb26c39620df45fda1387c349edc3010a2271e41ae5b5325f3ed06360a
2025-03-04 18:17:33 UTC,21,FeedBeacon,Beacon,-,0xe8Cb8DA8d2Ea4C5A40E6d8D4F3181AfdB9409D66,DefaultVersionSet,version,1,-,-,0xf6badbdb26c39620df45fda1387c349edc3010a2271e41ae5b5325f3ed06360a
2025-03-04 18:17:33 UTC,21,FeedBeacon,Beacon,-,0xe8Cb8DA8d2Ea4C5A40E6d8D4F3181AfdB9409D66,ImplementationSetForVersion,version,1,implementation,0xD2545381D7C71365ce4ec2D23C0f93783F10D236,0xf6badbdb26c39620df45fda1387c349edc3010a2271e41ae5b5325f3ed06360a
2025-03-04 18:17:33 UTC,21,FeedFactory,Factory,EIP1967,0x591c6e036a6bC92C6bF0d1dB991D06E74C2B9a6A,AdminChanged,previousAdmin,-,newAdmin,-,0xf6badbdb26c39620df45fda1387c349edc3010a2271e41ae5b5325f3ed06360a
2025-03-04 18:17:33 UTC,21,FeedFactory,Factory,EIP1967,0x591c6e036a6bC92C6bF0d1dB991D06E74C2B9a6A,Upgraded,implementation,0x5d53e42b3a470C053B027E937a78b7b9F16190dD,-,-,0xf6badbdb26c39620df45fda1387c349edc3010a2271e41ae5b5325f3ed06360a
2025-03-04 18:17:33 UTC,21,GraphBeacon,Beacon,-,0x3195c60A6869C3614949EE02eE21116891CF6c17,DefaultVersionSet,version,1,-,-,0xf6badbdb26c39620df45fda1387c349edc3010a2271e41ae5b5325f3ed06360a
2025-03-04 18:17:33 UTC,21,GraphBeacon,Beacon,-,0x3195c60A6869C3614949EE02eE21116891CF6c17,ImplementationSetForVersion,version,1,implementation,0x5BB20A05c3632253D3a857e82f876EdA4F867D92,0xf6badbdb26c39620df45fda1387c349edc3010a2271e41ae5b5325f3ed06360a
2025-03-04 18:17:33 UTC,21,GraphFactory,Factory,EIP1967,0x837E95c3A69Cd6efa3eCDE87A3a07801AAB25Ba0,AdminChanged,previousAdmin,-,newAdmin,-,0xf6badbdb26c39620df45fda1387c349edc3010a2271e41ae5b5325f3ed06360a
2025-03-04 18:17:33 UTC,21,GraphFactory,Factory,EIP1967,0x837E95c3A69Cd6efa3eCDE87A3a07801AAB25Ba0,Upgraded,implementation,0x8138efDb4f2BBD46b54ba1F367bA89ae49aDC2a7,-,-,0xf6badbdb26c39620df45fda1387c349edc3010a2271e41ae5b5325f3ed06360a
2025-03-04 18:17:33 UTC,21,GroupBeacon,Beacon,-,0xE995ecD7310EA8c764d7Fa9c145Ac42538ce0338,DefaultVersionSet,version,1,-,-,0xf6badbdb26c39620df45fda1387c349edc3010a2271e41ae5b5325f3ed06360a
2025-03-04 18:17:33 UTC,21,GroupBeacon,Beacon,-,0xE995ecD7310EA8c764d7Fa9c145Ac42538ce0338,ImplementationSetForVersion,version,1,implementation,0x5975911600f6E9c8EAF284a5e8EB719fD3A9E5b1,0xf6badbdb26c39620df45fda1387c349edc3010a2271e41ae5b5325f3ed06360a
2025-03-04 18:17:33 UTC,21,LensFactory,Factory,EIP1967,0x1fa75D26819Ac733bf7B1C1B36C3F8aEF32d2Cc0,AdminChanged,previousAdmin,-,newAdmin,-,0xf6badbdb26c39620df45fda1387c349edc3010a2271e41ae5b5325f3ed06360a
2025-03-04 18:17:33 UTC,21,LensFactory,Factory,EIP1967,0x1fa75D26819Ac733bf7B1C1B36C3F8aEF32d2Cc0,Upgraded,implementation,0x32b5A36f9DBA9aD06ea9D25e247eC4f88Dc898E8,-,-,0xf6badbdb26c39620df45fda1387c349edc3010a2271e41ae5b5325f3ed06360a
2025-03-04 18:17:33 UTC,21,NamespaceBeacon,Beacon,-,0xD381e0d1500bA1bddc2593CB8044eff3a68AB486,DefaultVersionSet,version,1,-,-,0xf6badbdb26c39620df45fda1387c349edc3010a2271e41ae5b5325f3ed06360a
2025-03-04 18:17:33 UTC,21,NamespaceBeacon,Beacon,-,0xD381e0d1500bA1bddc2593CB8044eff3a68AB486,ImplementationSetForVersion,version,1,implementation,0x701E3f4553D11978dC36163FEcBB1a327C6a2CFE,0xf6badbdb26c39620df45fda1387c349edc3010a2271e41ae5b5325f3ed06360a
2025-03-04 18:17:33 UTC,21,NamespaceFactory,Factory,EIP1967,0x3155ccbeefbA266a4B6060fB1F9d4b8591d1De3F,AdminChanged,previousAdmin,-,newAdmin,-,0xf6badbdb26c39620df45fda1387c349edc3010a2271e41ae5b5325f3ed06360a
2025-03-04 18:17:33 UTC,21,NamespaceFactory,Factory,EIP1967,0x3155ccbeefbA266a4B6060fB1F9d4b8591d1De3F,Upgraded,implementation,0xbeC26D206c509f11B778DB1fddDfEEdEEf84b956,-,-,0xf6badbdb26c39620df45fda1387c349edc3010a2271e41ae5b5325f3ed06360a
2025-03-05 14:09:47 UTC,30,AccessControlFactory,Factory,EIP1967,0x0d028419c270C2d366929f459418a4905D1B778F,AdminChanged,previousAdmin,0x0000000000000000000000000000000000000000,newAdmin,0xaAFa8246dE0ae0e7b81125db325e9B39BED43B49,0x765e3c57d8aabf96825b9fc0d6440d68948a65174751330172df43a59a1e0944
2025-03-05 14:09:47 UTC,30,AccountFactory,Factory,EIP1967,0x26C7fd63B06deb4F9E4B5955D540767b9Ac7bbaa,AdminChanged,previousAdmin,0x0000000000000000000000000000000000000000,newAdmin,0xaAFa8246dE0ae0e7b81125db325e9B39BED43B49,0x765e3c57d8aabf96825b9fc0d6440d68948a65174751330172df43a59a1e0944
2025-03-05 14:09:47 UTC,30,AppFactory,Factory,EIP1967,0xB3b7502C47E16a1E3c6d660b73006f45Ec327B0B,AdminChanged,previousAdmin,0x0000000000000000000000000000000000000000,newAdmin,0xaAFa8246dE0ae0e7b81125db325e9B39BED43B49,0x765e3c57d8aabf96825b9fc0d6440d68948a65174751330172df43a59a1e0944
2025-03-05 14:09:47 UTC,30,FeedFactory,Factory,EIP1967,0x591c6e036a6bC92C6bF0d1dB991D06E74C2B9a6A,AdminChanged,previousAdmin,0x0000000000000000000000000000000000000000,newAdmin,0xaAFa8246dE0ae0e7b81125db325e9B39BED43B49,0x765e3c57d8aabf96825b9fc0d6440d68948a65174751330172df43a59a1e0944
2025-03-05 14:09:47 UTC,30,GraphFactory,Factory,EIP1967,0x837E95c3A69Cd6efa3eCDE87A3a07801AAB25Ba0,AdminChanged,previousAdmin,0x0000000000000000000000000000000000000000,newAdmin,0xaAFa8246dE0ae0e7b81125db325e9B39BED43B49,0x765e3c57d8aabf96825b9fc0d6440d68948a65174751330172df43a59a1e0944
2025-03-05 14:09:47 UTC,30,LensFactory,Factory,EIP1967,0x1fa75D26819Ac733bf7B1C1B36C3F8aEF32d2Cc0,AdminChanged,previousAdmin,0x0000000000000000000000000000000000000000,newAdmin,0xaAFa8246dE0ae0e7b81125db325e9B39BED43B49,0x765e3c57d8aabf96825b9fc0d6440d68948a65174751330172df43a59a1e0944
2025-03-05 14:09:47 UTC,30,NamespaceFactory,Factory,EIP1967,0x3155ccbeefbA266a4B6060fB1F9d4b8591d1De3F,AdminChanged,previousAdmin,0x0000000000000000000000000000000000000000,newAdmin,0xaAFa8246dE0ae0e7b81125db325e9B39BED43B49,0x765e3c57d8aabf96825b9fc0d6440d68948a65174751330172df43a59a1e0944
2025-03-05 14:43:02 UTC,32,LensGlobalFeed,Primitive,BeaconProxy,0xcB5E109FFC0E15565082d78E68dDDf2573703580,AdminChanged,previousAdmin,0x0000000000000000000000000000000000000000,newAdmin,0x779637148bF919fcAA886b154033375e0E58E5F3,0x80004916c57affe0979e8e96c504e968caaa1ec266e9f246e66fb2d9bb666bc6
2025-03-05 14:43:02 UTC,32,LensGlobalFeed,Primitive,BeaconProxy,0xcB5E109FFC0E15565082d78E68dDDf2573703580,AutoUpgradeChanged,enabled,true,-,-,0x80004916c57affe0979e8e96c504e968caaa1ec266e9f246e66fb2d9bb666bc6
2025-03-05 14:43:02 UTC,32,LensGlobalFeed,Primitive,BeaconProxy,0xcB5E109FFC0E15565082d78E68dDDf2573703580,BeaconUpgraded,beacon,0xe8Cb8DA8d2Ea4C5A40E6d8D4F3181AfdB9409D66,-,-,0x80004916c57affe0979e8e96c504e968caaa1ec266e9f246e66fb2d9bb666bc6
2025-03-05 14:43:02 UTC,32,LensGlobalFeed,Primitive,BeaconProxy,0xcB5E109FFC0E15565082d78E68dDDf2573703580,Upgraded,implementation,0xD2545381D7C71365ce4ec2D23C0f93783F10D236,-,-,0x80004916c57affe0979e8e96c504e968caaa1ec266e9f246e66fb2d9bb666bc6
2025-03-05 14:43:02 UTC,32,LensGlobalGraph,Primitive,BeaconProxy,0x433025d9718302E7B2e1853D712d96F00764513F,AdminChanged,previousAdmin,0x0000000000000000000000000000000000000000,newAdmin,0x5eb4A88e061205Be727E7c8EEFD48EA14774aCb0,0x80004916c57affe0979e8e96c504e968caaa1ec266e9f246e66fb2d9bb666bc6
2025-03-05 14:43:02 UTC,32,LensGlobalGraph,Primitive,BeaconProxy,0x433025d9718302E7B2e1853D712d96F00764513F,AutoUpgradeChanged,enabled,true,-,-,0x80004916c57affe0979e8e96c504e968caaa1ec266e9f246e66fb2d9bb666bc6
2025-03-05 14:43:02 UTC,32,LensGlobalGraph,Primitive,BeaconProxy,0x433025d9718302E7B2e1853D712d96F00764513F,BeaconUpgraded,beacon,0x3195c60A6869C3614949EE02eE21116891CF6c17,-,-,0x80004916c57affe0979e8e96c504e968caaa1ec266e9f246e66fb2d9bb666bc6
2025-03-05 14:43:02 UTC,32,LensGlobalGraph,Primitive,BeaconProxy,0x433025d9718302E7B2e1853D712d96F00764513F,Upgraded,implementation,0x5BB20A05c3632253D3a857e82f876EdA4F867D92,-,-,0x80004916c57affe0979e8e96c504e968caaa1ec266e9f246e66fb2d9bb666bc6
2025-03-05 14:43:02 UTC,32,LensGlobalNamespace,Primitive,BeaconProxy,0x1aA55B9042f08f45825dC4b651B64c9F98Af4615,AdminChanged,previousAdmin,0x0000000000000000000000000000000000000000,newAdmin,0x576Cac536B1D1Cf0c6aB0f8d711aa79539F155CE,0x80004916c57affe0979e8e96c504e968caaa1ec266e9f246e66fb2d9bb666bc6
2025-03-05 14:43:02 UTC,32,LensGlobalNamespace,Primitive,BeaconProxy,0x1aA55B9042f08f45825dC4b651B64c9F98Af4615,AutoUpgradeChanged,enabled,true,-,-,0x80004916c57affe0979e8e96c504e968caaa1ec266e9f246e66fb2d9bb666bc6
2025-03-05 14:43:02 UTC,32,LensGlobalNamespace,Primitive,BeaconProxy,0x1aA55B9042f08f45825dC4b651B64c9F98Af4615,BeaconUpgraded,beacon,0xD381e0d1500bA1bddc2593CB8044eff3a68AB486,-,-,0x80004916c57affe0979e8e96c504e968caaa1ec266e9f246e66fb2d9bb666bc6
2025-03-05 14:43:02 UTC,32,LensGlobalNamespace,Primitive,BeaconProxy,0x1aA55B9042f08f45825dC4b651B64c9F98Af4615,Upgraded,implementation,0x701E3f4553D11978dC36163FEcBB1a327C6a2CFE,-,-,0x80004916c57affe0979e8e96c504e968caaa1ec266e9f246e66fb2d9bb666bc6
2025-03-05 16:26:30 UTC,33,AccountLock,Aux,-,0x793e4aeB8fd54f5Eb2B185f25F7767D417Ba5B94,Lens_Lock_LockStatusSet_Global,locked,true,-,-,0xddb554d9cc5aeb35089ebd3fc1bf8f41fb66961b718d5540db34bc5da60e886e
2025-03-05 16:26:30 UTC,33,AppLock,Aux,-,0xB19B9df023a9D372728cFc70847DBBB9AD59337f,Lens_Lock_LockStatusSet_Global,locked,true,-,-,0xddb554d9cc5aeb35089ebd3fc1bf8f41fb66961b718d5540db34bc5da60e886e
2025-03-05 16:26:30 UTC,33,FeedLock,Aux,-,0xA22DC11ED96Ce8f6c26a2361926910d5b8c56299,Lens_Lock_LockStatusSet_Global,locked,true,-,-,0xddb554d9cc5aeb35089ebd3fc1bf8f41fb66961b718d5540db34bc5da60e886e
2025-03-05 16:26:30 UTC,33,GraphLock,Aux,-,0x64ab11f8bAe0f75f071EfcE027E8AB3633252902,Lens_Lock_LockStatusSet_Global,locked,true,-,-,0xddb554d9cc5aeb35089ebd3fc1bf8f41fb66961b718d5540db34bc5da60e886e
2025-03-05 16:26:30 UTC,33,GroupLock,Aux,-,0xe6939785c7b36394B35e72E13B86F17b5223B75d,Lens_Lock_LockStatusSet_Global,locked,true,-,-,0xddb554d9cc5aeb35089ebd3fc1bf8f41fb66961b718d5540db34bc5da60e886e
2025-03-05 16:26:30 UTC,33,NamespaceLock,Aux,-,0x8d2eb35e3f4c10fEe90640C6051064426f368d16,Lens_Lock_LockStatusSet_Global,locked,true,-,-,0xddb554d9cc5aeb35089ebd3fc1bf8f41fb66961b718d5540db34bc5da60e886e
2025-03-12 19:32:35 UTC,184182,AccessControlFactory,Factory,EIP1967,0x0d028419c270C2d366929f459418a4905D1B778F,Upgraded,implementation,0x59414586f8cb33BcCa119f84f3C89BA1A2461004,-,-,0x74f941c1fabb5471f2eb114750210a85460f0c6b3f9daad9753ea5fca51e45d5
2025-03-12 19:38:11 UTC,184183,AccountFactory,Factory,EIP1967,0x26C7fd63B06deb4F9E4B5955D540767b9Ac7bbaa,Upgraded,implementation,0x236bD30F6719458C0E0514C4e34e8dA826d18C8D,-,-,0xb8feeb5edc07c5c2a8bed2499fdbf987c4a2ef2ba3d30489983a598620407eaa
2025-03-12 19:38:13 UTC,184184,AppFactory,Factory,EIP1967,0xB3b7502C47E16a1E3c6d660b73006f45Ec327B0B,Upgraded,implementation,0xaABe72e39920B9Af3A27Df1c07652A07BA694424,-,-,0x25e1f51683ba91ba8e46e437b095536633a622cc5edcdc379d9d1b085b83a057
2025-03-12 19:38:15 UTC,184185,FeedFactory,Factory,EIP1967,0x591c6e036a6bC92C6bF0d1dB991D06E74C2B9a6A,Upgraded,implementation,0x146ED5D7f9afB9C3DB64a956A300a8A393dfcb76,-,-,0xea898eb2e1f17255aa73a83f130cc6118c8db8705e28fcdcad16302edd0a6c3f
2025-03-12 19:38:16 UTC,184186,GraphFactory,Factory,EIP1967,0x837E95c3A69Cd6efa3eCDE87A3a07801AAB25Ba0,Upgraded,implementation,0xC3cF01261050035Fe3cD8B16700C509Fe32ABC8A,-,-,0xae7899dc8cfbf4a28e40ba3b4ee091cc5aee3f51de8e28eb1b08bc17a6ddfbda
2025-03-12 19:38:18 UTC,184187,NamespaceFactory,Factory,EIP1967,0x3155ccbeefbA266a4B6060fB1F9d4b8591d1De3F,Upgraded,implementation,0x498335d660e9f655e394114FF69DbCeb5ac9390A,-,-,0xc650e5df4911b5f78ee2b36f20eb5180767c29dad7fc4a6fc64c298f624de019
2025-03-12 19:38:19 UTC,184188,LensFactory,Factory,EIP1967,0x1fa75D26819Ac733bf7B1C1B36C3F8aEF32d2Cc0,Upgraded,implementation,0x5c1351341378F7796E740a0618f65a1C2E357e21,-,-,0x74eb6aa7685ee670b3d34234a93e56b6a704d2d555d75bf5bd0b851006aa0108
2025-03-12 19:38:21 UTC,184189,FeedBeacon,Beacon,-,0xe8Cb8DA8d2Ea4C5A40E6d8D4F3181AfdB9409D66,ImplementationSetForVersion,version,2,implementation,0xAe7162822b6FCB9cF30Fd076a5935570E5E079B7,0xfc680a7db252358f505bf678feb975b1f1c25f580cd0c65a963991643f7e3dc3
2025-03-12 19:38:23 UTC,184190,FeedBeacon,Beacon,-,0xe8Cb8DA8d2Ea4C5A40E6d8D4F3181AfdB9409D66,DefaultVersionSet,version,2,-,-,0x12bfabc7637030ce66278e05ecc27b6c0da1dd2e438c4fdfdd299f1ed4cbd3ad
2025-03-12 19:38:24 UTC,184191,NamespaceBeacon,Beacon,-,0xD381e0d1500bA1bddc2593CB8044eff3a68AB486,ImplementationSetForVersion,version,2,implementation,0x4afe4BCe73e4100489687C326cCf81a9A078B5F7,0x1e9887b924e888e4d323fb29f47c24ddc1125aa304658ce2ce07a6cb98d54043
2025-03-12 19:38:27 UTC,184192,NamespaceBeacon,Beacon,-,0xD381e0d1500bA1bddc2593CB8044eff3a68AB486,DefaultVersionSet,version,2,-,-,0x6518378fa7affc84e4b95426e215f05f7d91c83dddb3b33966fbaa61b3f36a68
2025-03-12 19:38:28 UTC,184193,GraphBeacon,Beacon,-,0x3195c60A6869C3614949EE02eE21116891CF6c17,ImplementationSetForVersion,version,2,implementation,0x65e456188dC07075897A9eaFbE7421D75B769f54,0x929fc838199d5ecbc9e21338c845ed644872b72d8fded76e60f7c86b49307bb7
2025-03-12 19:38:31 UTC,184194,GraphBeacon,Beacon,-,0x3195c60A6869C3614949EE02eE21116891CF6c17,DefaultVersionSet,version,2,-,-,0xb8c98bbe5912ec60c1e2fd79a86d4c405b6c438346d501798677047eb602824e
2025-03-12 19:38:32 UTC,184195,AccountBeacon,Beacon,-,0x677D8BEe894ae646Ceb1cfCe7dB16de2ef2792e5,ImplementationSetForVersion,version,2,implementation,0x4058F63c5334CF157589d1EE0dfD8a2AE9c07211,0x99e9e66bf1c7bdf0f7a0757f17fd1ea93967a40f99ef3632035fe918db4e7f68
2025-03-12 19:38:34 UTC,184196,AccountBeacon,Beacon,-,0x677D8BEe894ae646Ceb1cfCe7dB16de2ef2792e5,DefaultVersionSet,version,2,-,-,0x858b6741173b3ef1b3cb6b00ac7fdd97a014b162186799d82e2a670561677aea
2025-03-12 19:38:36 UTC,184197,AppBeacon,Beacon,-,0xF968b41ee7BF6f8bFFB71CD38905f9943Ff4ffbB,ImplementationSetForVersion,version,2,implementation,0x3589395E89735B96424d0e2e19af4917f45EAACD,0x34dcc5c6c750109f4c2afa6966ff95254723d8252c51b575bb5f9db52e64da25
2025-03-12 19:38:38 UTC,184198,AppBeacon,Beacon,-,0xF968b41ee7BF6f8bFFB71CD38905f9943Ff4ffbB,DefaultVersionSet,version,2,-,-,0x5565a214edde968cd6048113a17ce0e44deed1d0bcb5170f9c0c828e4e55079f
2025-03-14 19:18:13 UTC,188846,LensGlobalNamespace,Primitive,BeaconProxy,0x1aA55B9042f08f45825dC4b651B64c9F98Af4615,Upgraded,implementation,0x4afe4BCe73e4100489687C326cCf81a9A078B5F7,-,-,0xbbc2c41bdad0c92ebe20cb1040051036850b363bc7812992ecfcf04feec4f0e5
2025-03-14 20:40:36 UTC,188850,LensFactory,Factory,EIP1967,0x1fa75D26819Ac733bf7B1C1B36C3F8aEF32d2Cc0,Upgraded,implementation,0xa3DE5362258F55a6937eD1DEA775917E8aC4F01a,-,-,0xc1995cb481a24850a83abeb578cab5c8598a84e9f0c008a9a33058e6c21703e6
2025-03-14 20:46:56 UTC,188851,NamespaceBeacon,Beacon,-,0xD381e0d1500bA1bddc2593CB8044eff3a68AB486,ImplementationSetForVersion,version,2,implementation,0x01832FD3a6e4b3ad4Db36D062A4a9119703047cA,0x2e9c17465fe24adadda2e1ec066ef21e0ccb842fc38b8debe7684b8626161a24
2025-03-14 20:49:25 UTC,188852,LensGlobalNamespace,Primitive,BeaconProxy,0x1aA55B9042f08f45825dC4b651B64c9F98Af4615,Upgraded,implementation,0x01832FD3a6e4b3ad4Db36D062A4a9119703047cA,-,-,0x13748254fddbd0979ae7fc614d299ad62d29410178b16b287fbd61219d5e0c05
2025-03-16 19:24:48 UTC,189024,LensGlobalGraph,Primitive,BeaconProxy,0x433025d9718302E7B2e1853D712d96F00764513F,Upgraded,implementation,0x65e456188dC07075897A9eaFbE7421D75B769f54,-,-,0x4fd93103dfc27fe1a8ec2326d3c4d719e33656746a31e3821af9935c328bd6be
2025-03-19 14:36:27 UTC,193292,LensGlobalFeed,Primitive,BeaconProxy,0xcB5E109FFC0E15565082d78E68dDDf2573703580,Upgraded,implementation,0xAe7162822b6FCB9cF30Fd076a5935570E5E079B7,-,-,0xf7138ebd54f115ba30e5ce2b59c861699cd0dfab25c93a74e9dca99b034de9b1
2025-04-01 11:45:26 UTC,212608,NamespaceBeacon,Beacon,-,0xD381e0d1500bA1bddc2593CB8044eff3a68AB486,ImplementationSetForVersion,version,3,implementation,0xc8a191A1B66239d385bb63874AB30CDa26C4Ac6C,0x21285b4590acc03a3ad1d716ff44a0c7489176798bbf890a0a22708f67482614
2025-04-01 11:45:28 UTC,212609,NamespaceBeacon,Beacon,-,0xD381e0d1500bA1bddc2593CB8044eff3a68AB486,DefaultVersionSet,version,3,-,-,0x2cc1e20ecb4066f7de08b86e9c56217fe146d058a0778bc20cd059074fdbfb50
2025-04-01 12:05:58 UTC,212613,LensGlobalNamespace,Primitive,BeaconProxy,0x1aA55B9042f08f45825dC4b651B64c9F98Af4615,Upgraded,implementation,0xc8a191A1B66239d385bb63874AB30CDa26C4Ac6C,-,-,0x620b950b8cdd9d040ea1053b49e218d163860adadd1de7ba43908019a85341f6
2025-04-02 19:37:05 UTC,215624,ActionHub,Aux,EIP1967,0xc6D57Ee750Ef2ee017a9E985A0C4198bEd16A802,AdminChanged,previousAdmin,0x0000000000000000000000000000000000000000,newAdmin,0x52AF9CF29976C310E3DE03C509E108edB6edb8c0,0x279bfa5fbbe494dc0dcd5a60398c71836d35db99f13c20ce560705085a17ae09
2025-04-02 19:37:05 UTC,215624,ActionHub,Aux,EIP1967,0xc6D57Ee750Ef2ee017a9E985A0C4198bEd16A802,AdminChanged,previousAdmin,0x52AF9CF29976C310E3DE03C509E108edB6edb8c0,newAdmin,0xaAFa8246dE0ae0e7b81125db325e9B39BED43B49,0x279bfa5fbbe494dc0dcd5a60398c71836d35db99f13c20ce560705085a17ae09
2025-04-02 19:37:05 UTC,215624,ActionHub,Aux,EIP1967,0xc6D57Ee750Ef2ee017a9E985A0C4198bEd16A802,Upgraded,implementation,0x52AF9CF29976C310E3DE03C509E108edB6edb8c0,-,-,0x279bfa5fbbe494dc0dcd5a60398c71836d35db99f13c20ce560705085a17ae09
2025-04-02 19:37:05 UTC,215624,ActionHub,Aux,EIP1967,0xc6D57Ee750Ef2ee017a9E985A0C4198bEd16A802,Upgraded,implementation,0xea21E3E70248e483c2F1ed2617E9d939eA8904bd,-,-,0x279bfa5fbbe494dc0dcd5a60398c71836d35db99f13c20ce560705085a17ae09
2025-04-02 19:37:18 UTC,215628,LensFees,Aux,EIP1967,0xFd577b6317F4ab53D5675E85b8DEB7A814165C3C,AdminChanged,previousAdmin,0x0000000000000000000000000000000000000000,newAdmin,0x52AF9CF29976C310E3DE03C509E108edB6edb8c0,0x2b6baa38de6d4bdbabd21713bf9320326c0e971ce801dc5de14d697acaaa7174
2025-04-02 19:37:18 UTC,215628,LensFees,Aux,EIP1967,0xFd577b6317F4ab53D5675E85b8DEB7A814165C3C,AdminChanged,previousAdmin,0x52AF9CF29976C310E3DE03C509E108edB6edb8c0,newAdmin,0xaAFa8246dE0ae0e7b81125db325e9B39BED43B49,0x2b6baa38de6d4bdbabd21713bf9320326c0e971ce801dc5de14d697acaaa7174
2025-04-02 19:37:18 UTC,215628,LensFees,Aux,EIP1967,0xFd577b6317F4ab53D5675E85b8DEB7A814165C3C,Upgraded,implementation,0x52AF9CF29976C310E3DE03C509E108edB6edb8c0,-,-,0x2b6baa38de6d4bdbabd21713bf9320326c0e971ce801dc5de14d697acaaa7174
2025-04-02 19:37:18 UTC,215628,LensFees,Aux,EIP1967,0xFd577b6317F4ab53D5675E85b8DEB7A814165C3C,Upgraded,implementation,0xE23292bEA6bb5874A839a7E1FfB7301657353187,-,-,0x2b6baa38de6d4bdbabd21713bf9320326c0e971ce801dc5de14d697acaaa7174
2025-04-02 19:37:36 UTC,215630,TippingAccountAction,Action,EIP1967,0x20170F1e53851dF4d9ea236a28399493C5B152c0,AdminChanged,previousAdmin,0x0000000000000000000000000000000000000000,newAdmin,0x52AF9CF29976C310E3DE03C509E108edB6edb8c0,0x592ad394183f47ea1bb14371e8baa807f58f67d14d4aa92ce69f1b6b9b858386
2025-04-02 19:37:36 UTC,215630,TippingAccountAction,Action,EIP1967,0x20170F1e53851dF4d9ea236a28399493C5B152c0,AdminChanged,previousAdmin,0x52AF9CF29976C310E3DE03C509E108edB6edb8c0,newAdmin,0xaAFa8246dE0ae0e7b81125db325e9B39BED43B49,0x592ad394183f47ea1bb14371e8baa807f58f67d14d4aa92ce69f1b6b9b858386
2025-04-02 19:37:36 UTC,215630,TippingAccountAction,Action,EIP1967,0x20170F1e53851dF4d9ea236a28399493C5B152c0,Upgraded,implementation,0x52AF9CF29976C310E3DE03C509E108edB6edb8c0,-,-,0x592ad394183f47ea1bb14371e8baa807f58f67d14d4aa92ce69f1b6b9b858386
2025-04-02 19:37:36 UTC,215630,TippingAccountAction,Action,EIP1967,0x20170F1e53851dF4d9ea236a28399493C5B152c0,Upgraded,implementation,0x9aE07367ae1f9697a0B217678B68E446DC188A8e,-,-,0x592ad394183f47ea1bb14371e8baa807f58f67d14d4aa92ce69f1b6b9b858386
2025-04-02 19:37:55 UTC,215632,TippingPostAction,Action,EIP1967,0x4984Ec4FfD17E64c8F91691D829BD5aeA287E47b,AdminChanged,previousAdmin,0x0000000000000000000000000000000000000000,newAdmin,0x52AF9CF29976C310E3DE03C509E108edB6edb8c0,0x259f5924affc90af325cd91b263218f326ed4a3a18761ab94425c2759bbd763a
2025-04-02 19:37:55 UTC,215632,TippingPostAction,Action,EIP1967,0x4984Ec4FfD17E64c8F91691D829BD5aeA287E47b,AdminChanged,previousAdmin,0x52AF9CF29976C310E3DE03C509E108edB6edb8c0,newAdmin,0xaAFa8246dE0ae0e7b81125db325e9B39BED43B49,0x259f5924affc90af325cd91b263218f326ed4a3a18761ab94425c2759bbd763a
2025-04-02 19:37:55 UTC,215632,TippingPostAction,Action,EIP1967,0x4984Ec4FfD17E64c8F91691D829BD5aeA287E47b,Upgraded,implementation,0x52AF9CF29976C310E3DE03C509E108edB6edb8c0,-,-,0x259f5924affc90af325cd91b263218f326ed4a3a18761ab94425c2759bbd763a
2025-04-02 19:37:55 UTC,215632,TippingPostAction,Action,EIP1967,0x4984Ec4FfD17E64c8F91691D829BD5aeA287E47b,Upgraded,implementation,0xEF57280D1846ACCf55c056aC7F0902F5608FB790,-,-,0x259f5924affc90af325cd91b263218f326ed4a3a18761ab94425c2759bbd763a
2025-04-02 19:38:20 UTC,215634,SimpleCollectAction,Action,EIP1967,0x1cEE1cd464C4E44e80aCDB0B0e33f88849070F6E,AdminChanged,previousAdmin,0x0000000000000000000000000000000000000000,newAdmin,0x52AF9CF29976C310E3DE03C509E108edB6edb8c0,0x3c6853050cccfc52c259244bf68298de6af83194cf6fee8f2c685d688859b7c5
2025-04-02 19:38:20 UTC,215634,SimpleCollectAction,Action,EIP1967,0x1cEE1cd464C4E44e80aCDB0B0e33f88849070F6E,AdminChanged,previousAdmin,0x52AF9CF29976C310E3DE03C509E108edB6edb8c0,newAdmin,0xaAFa8246dE0ae0e7b81125db325e9B39BED43B49,0x3c6853050cccfc52c259244bf68298de6af83194cf6fee8f2c685d688859b7c5
2025-04-02 19:38:20 UTC,215634,SimpleCollectAction,Action,EIP1967,0x1cEE1cd464C4E44e80aCDB0B0e33f88849070F6E,Upgraded,implementation,0x52AF9CF29976C310E3DE03C509E108edB6edb8c0,-,-,0x3c6853050cccfc52c259244bf68298de6af83194cf6fee8f2c685d688859b7c5
2025-04-02 19:38:20 UTC,215634,SimpleCollectAction,Action,EIP1967,0x1cEE1cd464C4E44e80aCDB0B0e33f88849070F6E,Upgraded,implementation,0x6f05AEffA4EE9Ba091EFe2D1751675f00B4FC174,-,-,0x3c6853050cccfc52c259244bf68298de6af83194cf6fee8f2c685d688859b7c5
2025-04-02 19:41:33 UTC,215641,AccountBlockingRule,Rule,EIP1967,0x3B766408f14141F4B567681A1c29CFB58D1C1574,AdminChanged,previousAdmin,0x0000000000000000000000000000000000000000,newAdmin,0x52AF9CF29976C310E3DE03C509E108edB6edb8c0,0x2474561b8ed96d3b6b0958750c52f7cef6bdb8a9156acc72999159d292c3124f
2025-04-02 19:41:33 UTC,215641,AccountBlockingRule,Rule,EIP1967,0x3B766408f14141F4B567681A1c29CFB58D1C1574,AdminChanged,previousAdmin,0x52AF9CF29976C310E3DE03C509E108edB6edb8c0,newAdmin,0xaAFa8246dE0ae0e7b81125db325e9B39BED43B49,0x2474561b8ed96d3b6b0958750c52f7cef6bdb8a9156acc72999159d292c3124f
2025-04-02 19:41:33 UTC,215641,AccountBlockingRule,Rule,EIP1967,0x3B766408f14141F4B567681A1c29CFB58D1C1574,Upgraded,implementation,0x52AF9CF29976C310E3DE03C509E108edB6edb8c0,-,-,0x2474561b8ed96d3b6b0958750c52f7cef6bdb8a9156acc72999159d292c3124f
2025-04-02 19:41:33 UTC,215641,AccountBlockingRule,Rule,EIP1967,0x3B766408f14141F4B567681A1c29CFB58D1C1574,Upgraded,implementation,0xb6607e2678FD4b28858Ee7ee447C236d23b71c28,-,-,0x2474561b8ed96d3b6b0958750c52f7cef6bdb8a9156acc72999159d292c3124f
2025-04-02 19:41:44 UTC,215643,AdditionRemovalPidGroupRule,Rule,EIP1967,0x5C990114129dAb27F015F2d5ba756bD102807b86,AdminChanged,previousAdmin,0x0000000000000000000000000000000000000000,newAdmin,0x52AF9CF29976C310E3DE03C509E108edB6edb8c0,0x334a47fbc82108115d7d0447a6c22d50fe07536691e5b80d3a88b9f46fe76e62
2025-04-02 19:41:44 UTC,215643,AdditionRemovalPidGroupRule,Rule,EIP1967,0x5C990114129dAb27F015F2d5ba756bD102807b86,AdminChanged,previousAdmin,0x52AF9CF29976C310E3DE03C509E108edB6edb8c0,newAdmin,0xaAFa8246dE0ae0e7b81125db325e9B39BED43B49,0x334a47fbc82108115d7d0447a6c22d50fe07536691e5b80d3a88b9f46fe76e62
2025-04-02 19:41:44 UTC,215643,AdditionRemovalPidGroupRule,Rule,EIP1967,0x5C990114129dAb27F015F2d5ba756bD102807b86,Upgraded,implementation,0x52AF9CF29976C310E3DE03C509E108edB6edb8c0,-,-,0x334a47fbc82108115d7d0447a6c22d50fe07536691e5b80d3a88b9f46fe76e62
2025-04-02 19:41:44 UTC,215643,AdditionRemovalPidGroupRule,Rule,EIP1967,0x5C990114129dAb27F015F2d5ba756bD102807b86,Upgraded,implementation,0xf0d5B29A3F1Ad9CCfb26c9E58D11Bb3DFD382727,-,-,0x334a47fbc82108115d7d0447a6c22d50fe07536691e5b80d3a88b9f46fe76e62
2025-04-02 19:41:59 UTC,215645,BanMemberGroupRule,Rule,EIP1967,0xe12543e5f917adA5aeF92B26Bc08E1925ec9F53F,AdminChanged,previousAdmin,0x0000000000000000000000000000000000000000,newAdmin,0x52AF9CF29976C310E3DE03C509E108edB6edb8c0,0x2b7783e7e15125b92d8f15155007314912685a231f83d7b42e6075ab48d57d96
2025-04-02 19:41:59 UTC,215645,BanMemberGroupRule,Rule,EIP1967,0xe12543e5f917adA5aeF92B26Bc08E1925ec9F53F,AdminChanged,previousAdmin,0x52AF9CF29976C310E3DE03C509E108edB6edb8c0,newAdmin,0xaAFa8246dE0ae0e7b81125db325e9B39BED43B49,0x2b7783e7e15125b92d8f15155007314912685a231f83d7b42e6075ab48d57d96
2025-04-02 19:41:59 UTC,215645,BanMemberGroupRule,Rule,EIP1967,0xe12543e5f917adA5aeF92B26Bc08E1925ec9F53F,Upgraded,implementation,0x10A5b2f7430b85B117E7DE77b9343e024193c7Ac,-,-,0x2b7783e7e15125b92d8f15155007314912685a231f83d7b42e6075ab48d57d96
2025-04-02 19:41:59 UTC,215645,BanMemberGroupRule,Rule,EIP1967,0xe12543e5f917adA5aeF92B26Bc08E1925ec9F53F,Upgraded,implementation,0x52AF9CF29976C310E3DE03C509E108edB6edb8c0,-,-,0x2b7783e7e15125b92d8f15155007314912685a231f83d7b42e6075ab48d57d96
2025-04-02 19:42:10 UTC,215647,GroupGatedFeedRule,Rule,EIP1967,0x40a2A352583B266097234f1260B5AAfB7B129047,AdminChanged,previousAdmin,0x0000000000000000000000000000000000000000,newAdmin,0x52AF9CF29976C310E3DE03C509E108edB6edb8c0,0x47b54e22e298f4b9c33d9069d9652711c26709f0c67985fc6f735d4a5a1cbc4c
2025-04-02 19:42:10 UTC,215647,GroupGatedFeedRule,Rule,EIP1967,0x40a2A352583B266097234f1260B5AAfB7B129047,AdminChanged,previousAdmin,0x52AF9CF29976C310E3DE03C509E108edB6edb8c0,newAdmin,0xaAFa8246dE0ae0e7b81125db325e9B39BED43B49,0x47b54e22e298f4b9c33d9069d9652711c26709f0c67985fc6f735d4a5a1cbc4c
2025-04-02 19:42:10 UTC,215647,GroupGatedFeedRule,Rule,EIP1967,0x40a2A352583B266097234f1260B5AAfB7B129047,Upgraded,implementation,0x3Ccda5a574B75afbFc235E6fC25c940df181d956,-,-,0x47b54e22e298f4b9c33d9069d9652711c26709f0c67985fc6f735d4a5a1cbc4c
2025-04-02 19:42:10 UTC,215647,GroupGatedFeedRule,Rule,EIP1967,0x40a2A352583B266097234f1260B5AAfB7B129047,Upgraded,implementation,0x52AF9CF29976C310E3DE03C509E108edB6edb8c0,-,-,0x47b54e22e298f4b9c33d9069d9652711c26709f0c67985fc6f735d4a5a1cbc4c
2025-04-02 19:42:25 UTC,215649,UsernameLengthNamespaceRule,Rule,EIP1967,0xb541055222C87EE86A72558e8B582a9C0158A0d8,AdminChanged,previousAdmin,0x0000000000000000000000000000000000000000,newAdmin,0x52AF9CF29976C310E3DE03C509E108edB6edb8c0,0xf77e0a2d94cc6aa1e1ada754df47da04383562171f9b9c490676742c7e38872b
2025-04-02 19:42:25 UTC,215649,UsernameLengthNamespaceRule,Rule,EIP1967,0xb541055222C87EE86A72558e8B582a9C0158A0d8,AdminChanged,previousAdmin,0x52AF9CF29976C310E3DE03C509E108edB6edb8c0,newAdmin,0xaAFa8246dE0ae0e7b81125db325e9B39BED43B49,0xf77e0a2d94cc6aa1e1ada754df47da04383562171f9b9c490676742c7e38872b
2025-04-02 19:42:25 UTC,215649,UsernameLengthNamespaceRule,Rule,EIP1967,0xb541055222C87EE86A72558e8B582a9C0158A0d8,Upgraded,implementation,0x52AF9CF29976C310E3DE03C509E108edB6edb8c0,-,-,0xf77e0a2d94cc6aa1e1ada754df47da04383562171f9b9c490676742c7e38872b
2025-04-02 19:42:25 UTC,215649,UsernameLengthNamespaceRule,Rule,EIP1967,0xb541055222C87EE86A72558e8B582a9C0158A0d8,Upgraded,implementation,0xbe2d90D7b7b7c237f16c16424A6FAe9400A4767B,-,-,0xf77e0a2d94cc6aa1e1ada754df47da04383562171f9b9c490676742c7e38872b
2025-04-02 19:42:38 UTC,215651,UsernameReservedNamespaceRule,Rule,EIP1967,0x0E8B9960f2a891A561f2d52F0Cd98cCA19CDF8c9,AdminChanged,previousAdmin,0x0000000000000000000000000000000000000000,newAdmin,0x52AF9CF29976C310E3DE03C509E108edB6edb8c0,0xe5d3a33feb89e464e1f2cadf293e75be36e3fafffaf18a506a5f2bedc6bb7845
2025-04-02 19:42:38 UTC,215651,UsernameReservedNamespaceRule,Rule,EIP1967,0x0E8B9960f2a891A561f2d52F0Cd98cCA19CDF8c9,AdminChanged,previousAdmin,0x52AF9CF29976C310E3DE03C509E108edB6edb8c0,newAdmin,0xaAFa8246dE0ae0e7b81125db325e9B39BED43B49,0xe5d3a33feb89e464e1f2cadf293e75be36e3fafffaf18a506a5f2bedc6bb7845
2025-04-02 19:42:38 UTC,215651,UsernameReservedNamespaceRule,Rule,EIP1967,0x0E8B9960f2a891A561f2d52F0Cd98cCA19CDF8c9,Upgraded,implementation,0x52AF9CF29976C310E3DE03C509E108edB6edb8c0,-,-,0xe5d3a33feb89e464e1f2cadf293e75be36e3fafffaf18a506a5f2bedc6bb7845
2025-04-02 19:42:38 UTC,215651,UsernameReservedNamespaceRule,Rule,EIP1967,0x0E8B9960f2a891A561f2d52F0Cd98cCA19CDF8c9,Upgraded,implementation,0x5B00ec39877EdD2711480A713712f6e02be9e214,-,-,0xe5d3a33feb89e464e1f2cadf293e75be36e3fafffaf18a506a5f2bedc6bb7845
2025-04-02 19:42:48 UTC,215653,UsernameSimpleCharsetNamespaceRule,Rule,EIP1967,0x5DBE2054903512ff26E336C0cBdEd6E0DDBEAc4F,AdminChanged,previousAdmin,0x0000000000000000000000000000000000000000,newAdmin,0x52AF9CF29976C310E3DE03C509E108edB6edb8c0,0x77685acce62cf875d24de8a0d8b2893677e2f3d3efc5d569580f49b8a046f6fe
2025-04-02 19:42:48 UTC,215653,UsernameSimpleCharsetNamespaceRule,Rule,EIP1967,0x5DBE2054903512ff26E336C0cBdEd6E0DDBEAc4F,AdminChanged,previousAdmin,0x52AF9CF29976C310E3DE03C509E108edB6edb8c0,newAdmin,0xaAFa8246dE0ae0e7b81125db325e9B39BED43B49,0x77685acce62cf875d24de8a0d8b2893677e2f3d3efc5d569580f49b8a046f6fe
2025-04-02 19:42:48 UTC,215653,UsernameSimpleCharsetNamespaceRule,Rule,EIP1967,0x5DBE2054903512ff26E336C0cBdEd6E0DDBEAc4F,Upgraded,implementation,0x1F8D82763f04e544278522b923eA924258dF9c2C,-,-,0x77685acce62cf875d24de8a0d8b2893677e2f3d3efc5d569580f49b8a046f6fe
2025-04-02 19:42:48 UTC,215653,UsernameSimpleCharsetNamespaceRule,Rule,EIP1967,0x5DBE2054903512ff26E336C0cBdEd6E0DDBEAc4F,Upgraded,implementation,0x52AF9CF29976C310E3DE03C509E108edB6edb8c0,-,-,0x77685acce62cf875d24de8a0d8b2893677e2f3d3efc5d569580f49b8a046f6fe
2025-04-02 19:43:05 UTC,215655,SimplePaymentFeedRule,Rule,EIP1967,0xD79dfb3f8290c0Da1899B91C3BbFE9aB56198004,AdminChanged,previousAdmin,0x0000000000000000000000000000000000000000,newAdmin,0x52AF9CF29976C310E3DE03C509E108edB6edb8c0,0x3b26b11120a2fedd783eb57972ced9a36ebadd570b3f0bb87134d93c66450c27
2025-04-02 19:43:05 UTC,215655,SimplePaymentFeedRule,Rule,EIP1967,0xD79dfb3f8290c0Da1899B91C3BbFE9aB56198004,AdminChanged,previousAdmin,0x52AF9CF29976C310E3DE03C509E108edB6edb8c0,newAdmin,0xaAFa8246dE0ae0e7b81125db325e9B39BED43B49,0x3b26b11120a2fedd783eb57972ced9a36ebadd570b3f0bb87134d93c66450c27
2025-04-02 19:43:05 UTC,215655,SimplePaymentFeedRule,Rule,EIP1967,0xD79dfb3f8290c0Da1899B91C3BbFE9aB56198004,Upgraded,implementation,0x52AF9CF29976C310E3DE03C509E108edB6edb8c0,-,-,0x3b26b11120a2fedd783eb57972ced9a36ebadd570b3f0bb87134d93c66450c27
2025-04-02 19:43:05 UTC,215655,SimplePaymentFeedRule,Rule,EIP1967,0xD79dfb3f8290c0Da1899B91C3BbFE9aB56198004,Upgraded,implementation,0xEbD685886F22857735CF90bB6C1F092006251f04,-,-,0x3b26b11120a2fedd783eb57972ced9a36ebadd570b3f0bb87134d93c66450c27
2025-04-02 19:43:17 UTC,215657,TokenGatedFeedRule,Rule,EIP1967,0xe320D45b21243771dC5a47909DB2389Abab81d5B,AdminChanged,previousAdmin,0x0000000000000000000000000000000000000000,newAdmin,0x52AF9CF29976C310E3DE03C509E108edB6edb8c0,0x7c35f386018a010ba96d4dce1b6ba6d1b6b5f75081568ae01a5b12c63067dc19
2025-04-02 19:43:17 UTC,215657,TokenGatedFeedRule,Rule,EIP1967,0xe320D45b21243771dC5a47909DB2389Abab81d5B,AdminChanged,previousAdmin,0x52AF9CF29976C310E3DE03C509E108edB6edb8c0,newAdmin,0xaAFa8246dE0ae0e7b81125db325e9B39BED43B49,0x7c35f386018a010ba96d4dce1b6ba6d1b6b5f75081568ae01a5b12c63067dc19
2025-04-02 19:43:17 UTC,215657,TokenGatedFeedRule,Rule,EIP1967,0xe320D45b21243771dC5a47909DB2389Abab81d5B,Upgraded,implementation,0x52AF9CF29976C310E3DE03C509E108edB6edb8c0,-,-,0x7c35f386018a010ba96d4dce1b6ba6d1b6b5f75081568ae01a5b12c63067dc19
2025-04-02 19:43:17 UTC,215657,TokenGatedFeedRule,Rule,EIP1967,0xe320D45b21243771dC5a47909DB2389Abab81d5B,Upgraded,implementation,0xEfE523C811220ce8929491a6e9620Fc58b197fC8,-,-,0x7c35f386018a010ba96d4dce1b6ba6d1b6b5f75081568ae01a5b12c63067dc19
2025-04-02 19:43:30 UTC,215659,TokenGatedGraphRule,Rule,EIP1967,0x24779f9c251Cc5C2Ac0aE5C9f274666224e78035,AdminChanged,previousAdmin,0x0000000000000000000000000000000000000000,newAdmin,0x52AF9CF29976C310E3DE03C509E108edB6edb8c0,0x3e441c51ba06c7b6c66d0b83b61ef1fc791379637768a43ae672b8f1f00101f7
2025-04-02 19:43:30 UTC,215659,TokenGatedGraphRule,Rule,EIP1967,0x24779f9c251Cc5C2Ac0aE5C9f274666224e78035,AdminChanged,previousAdmin,0x52AF9CF29976C310E3DE03C509E108edB6edb8c0,newAdmin,0xaAFa8246dE0ae0e7b81125db325e9B39BED43B49,0x3e441c51ba06c7b6c66d0b83b61ef1fc791379637768a43ae672b8f1f00101f7
2025-04-02 19:43:30 UTC,215659,TokenGatedGraphRule,Rule,EIP1967,0x24779f9c251Cc5C2Ac0aE5C9f274666224e78035,Upgraded,implementation,0x52AF9CF29976C310E3DE03C509E108edB6edb8c0,-,-,0x3e441c51ba06c7b6c66d0b83b61ef1fc791379637768a43ae672b8f1f00101f7
2025-04-02 19:43:30 UTC,215659,TokenGatedGraphRule,Rule,EIP1967,0x24779f9c251Cc5C2Ac0aE5C9f274666224e78035,Upgraded,implementation,0x84204cfeA1306f3Ca7dde38dc1a387E68F55A08E,-,-,0x3e441c51ba06c7b6c66d0b83b61ef1fc791379637768a43ae672b8f1f00101f7
2025-04-02 19:43:46 UTC,215661,FollowersOnlyPostRule,Rule,EIP1967,0x4f573ed906Cf23cb43f86ad461d10e43E29802ce,AdminChanged,previousAdmin,0x0000000000000000000000000000000000000000,newAdmin,0x52AF9CF29976C310E3DE03C509E108edB6edb8c0,0xbfa3a3fc7bf090de78b450744d6ff6490569cfd069e1f05ed7d64247fd97ea80
2025-04-02 19:43:46 UTC,215661,FollowersOnlyPostRule,Rule,EIP1967,0x4f573ed906Cf23cb43f86ad461d10e43E29802ce,AdminChanged,previousAdmin,0x52AF9CF29976C310E3DE03C509E108edB6edb8c0,newAdmin,0xaAFa8246dE0ae0e7b81125db325e9B39BED43B49,0xbfa3a3fc7bf090de78b450744d6ff6490569cfd069e1f05ed7d64247fd97ea80
2025-04-02 19:43:46 UTC,215661,FollowersOnlyPostRule,Rule,EIP1967,0x4f573ed906Cf23cb43f86ad461d10e43E29802ce,Upgraded,implementation,0x52AF9CF29976C310E3DE03C509E108edB6edb8c0,-,-,0xbfa3a3fc7bf090de78b450744d6ff6490569cfd069e1f05ed7d64247fd97ea80
2025-04-02 19:43:46 UTC,215661,FollowersOnlyPostRule,Rule,EIP1967,0x4f573ed906Cf23cb43f86ad461d10e43E29802ce,Upgraded,implementation,0x71ee189620688D9199d92145E8f58fC516673F47,-,-,0xbfa3a3fc7bf090de78b450744d6ff6490569cfd069e1f05ed7d64247fd97ea80
2025-04-02 19:56:35 UTC,215671,GroupGatedGraphRule,Rule,EIP1967,0x754839C5917a063EB923e83f1194E6737BbB451C,AdminChanged,previousAdmin,0x0000000000000000000000000000000000000000,newAdmin,0x52AF9CF29976C310E3DE03C509E108edB6edb8c0,0x9145fcf48faa187a67bc12182e3a4b11288804e9c18d861f7695cdec010b21c9
2025-04-02 19:56:35 UTC,215671,GroupGatedGraphRule,Rule,EIP1967,0x754839C5917a063EB923e83f1194E6737BbB451C,AdminChanged,previousAdmin,0x52AF9CF29976C310E3DE03C509E108edB6edb8c0,newAdmin,0xaAFa8246dE0ae0e7b81125db325e9B39BED43B49,0x9145fcf48faa187a67bc12182e3a4b11288804e9c18d861f7695cdec010b21c9
2025-04-02 19:56:35 UTC,215671,GroupGatedGraphRule,Rule,EIP1967,0x754839C5917a063EB923e83f1194E6737BbB451C,Upgraded,implementation,0x52AF9CF29976C310E3DE03C509E108edB6edb8c0,-,-,0x9145fcf48faa187a67bc12182e3a4b11288804e9c18d861f7695cdec010b21c9
2025-04-02 19:56:35 UTC,215671,GroupGatedGraphRule,Rule,EIP1967,0x754839C5917a063EB923e83f1194E6737BbB451C,Upgraded,implementation,0xea1Bb2580F3Ef742B1c3f0247CfBEAA35572db66,-,-,0x9145fcf48faa187a67bc12182e3a4b11288804e9c18d861f7695cdec010b21c9
2025-04-02 19:56:47 UTC,215673,SimplePaymentFollowRule,Rule,EIP1967,0x10E044f026bD51f855a10F2277e35Ed4c896db7e,AdminChanged,previousAdmin,0x0000000000000000000000000000000000000000,newAdmin,0x52AF9CF29976C310E3DE03C509E108edB6edb8c0,0xe1be0a27e4ec06bce734e867fee81d6db6dfa60d8515f4fe22cb0f3816ead3d2
2025-04-02 19:56:47 UTC,215673,SimplePaymentFollowRule,Rule,EIP1967,0x10E044f026bD51f855a10F2277e35Ed4c896db7e,AdminChanged,previousAdmin,0x52AF9CF29976C310E3DE03C509E108edB6edb8c0,newAdmin,0xaAFa8246dE0ae0e7b81125db325e9B39BED43B49,0xe1be0a27e4ec06bce734e867fee81d6db6dfa60d8515f4fe22cb0f3816ead3d2
2025-04-02 19:56:47 UTC,215673,SimplePaymentFollowRule,Rule,EIP1967,0x10E044f026bD51f855a10F2277e35Ed4c896db7e,Upgraded,implementation,0x52AF9CF29976C310E3DE03C509E108edB6edb8c0,-,-,0xe1be0a27e4ec06bce734e867fee81d6db6dfa60d8515f4fe22cb0f3816ead3d2
2025-04-02 19:56:47 UTC,215673,SimplePaymentFollowRule,Rule,EIP1967,0x10E044f026bD51f855a10F2277e35Ed4c896db7e,Upgraded,implementation,0xc4A46F8707d9fD60f25021a11E5f76D6F7A5302e,-,-,0xe1be0a27e4ec06bce734e867fee81d6db6dfa60d8515f4fe22cb0f3816ead3d2
2025-04-02 19:56:58 UTC,215675,TokenGatedFollowRule,Rule,EIP1967,0x8b39e5E2B7a4Ce8FcD8F4601Ca1a43486A9d7Ca4,AdminChanged,previousAdmin,0x0000000000000000000000000000000000000000,newAdmin,0x52AF9CF29976C310E3DE03C509E108edB6edb8c0,0xf2f3406ba28f5ff1fe20b5053e952c41d7f1be8250c8daeb962f2457cb4b3f51
2025-04-02 19:56:58 UTC,215675,TokenGatedFollowRule,Rule,EIP1967,0x8b39e5E2B7a4Ce8FcD8F4601Ca1a43486A9d7Ca4,AdminChanged,previousAdmin,0x52AF9CF29976C310E3DE03C509E108edB6edb8c0,newAdmin,0xaAFa8246dE0ae0e7b81125db325e9B39BED43B49,0xf2f3406ba28f5ff1fe20b5053e952c41d7f1be8250c8daeb962f2457cb4b3f51
2025-04-02 19:56:58 UTC,215675,TokenGatedFollowRule,Rule,EIP1967,0x8b39e5E2B7a4Ce8FcD8F4601Ca1a43486A9d7Ca4,Upgraded,implementation,0x52AF9CF29976C310E3DE03C509E108edB6edb8c0,-,-,0xf2f3406ba28f5ff1fe20b5053e952c41d7f1be8250c8daeb962f2457cb4b3f51
2025-04-02 19:56:58 UTC,215675,TokenGatedFollowRule,Rule,EIP1967,0x8b39e5E2B7a4Ce8FcD8F4601Ca1a43486A9d7Ca4,Upgraded,implementation,0xFB18116CC5fbDF492ecaa353F9BF915940A16E89,-,-,0xf2f3406ba28f5ff1fe20b5053e952c41d7f1be8250c8daeb962f2457cb4b3f51
2025-04-02 19:57:11 UTC,215677,MembershipApprovalGroupRule,Rule,EIP1967,0x353064B2EE992483398dAb32267E1aD597e502B9,AdminChanged,previousAdmin,0x0000000000000000000000000000000000000000,newAdmin,0x52AF9CF29976C310E3DE03C509E108edB6edb8c0,0xc05fe1be1bf3ecd58c3e7b9a5dd25c25333dc98ce2502386f65271e4bb6f4eb8
2025-04-02 19:57:11 UTC,215677,MembershipApprovalGroupRule,Rule,EIP1967,0x353064B2EE992483398dAb32267E1aD597e502B9,AdminChanged,previousAdmin,0x52AF9CF29976C310E3DE03C509E108edB6edb8c0,newAdmin,0xaAFa8246dE0ae0e7b81125db325e9B39BED43B49,0xc05fe1be1bf3ecd58c3e7b9a5dd25c25333dc98ce2502386f65271e4bb6f4eb8
2025-04-02 19:57:11 UTC,215677,MembershipApprovalGroupRule,Rule,EIP1967,0x353064B2EE992483398dAb32267E1aD597e502B9,Upgraded,implementation,0x52AF9CF29976C310E3DE03C509E108edB6edb8c0,-,-,0xc05fe1be1bf3ecd58c3e7b9a5dd25c25333dc98ce2502386f65271e4bb6f4eb8
2025-04-02 19:57:11 UTC,215677,MembershipApprovalGroupRule,Rule,EIP1967,0x353064B2EE992483398dAb32267E1aD597e502B9,Upgraded,implementation,0xB07A14a7D743E054666AB72720562F6b8ba0235c,-,-,0xc05fe1be1bf3ecd58c3e7b9a5dd25c25333dc98ce2502386f65271e4bb6f4eb8
2025-04-02 19:57:25 UTC,215679,SimplePaymentGroupRule,Rule,EIP1967,0x6d2251D69fba6D7e761c72d55Cf478d741cB4Ac1,AdminChanged,previousAdmin,0x0000000000000000000000000000000000000000,newAdmin,0x52AF9CF29976C310E3DE03C509E108edB6edb8c0,0x86d1d41ed1772608892793d35352015acdbc1af840f3003ae556fa01218da30a
2025-04-02 19:57:25 UTC,215679,SimplePaymentGroupRule,Rule,EIP1967,0x6d2251D69fba6D7e761c72d55Cf478d741cB4Ac1,AdminChanged,previousAdmin,0x52AF9CF29976C310E3DE03C509E108edB6edb8c0,newAdmin,0xaAFa8246dE0ae0e7b81125db325e9B39BED43B49,0x86d1d41ed1772608892793d35352015acdbc1af840f3003ae556fa01218da30a
2025-04-02 19:57:25 UTC,215679,SimplePaymentGroupRule,Rule,EIP1967,0x6d2251D69fba6D7e761c72d55Cf478d741cB4Ac1,Upgraded,implementation,0x40E3f3F611b9201EF6a31030CD347B72B2cc99E5,-,-,0x86d1d41ed1772608892793d35352015acdbc1af840f3003ae556fa01218da30a
2025-04-02 19:57:25 UTC,215679,SimplePaymentGroupRule,Rule,EIP1967,0x6d2251D69fba6D7e761c72d55Cf478d741cB4Ac1,Upgraded,implementation,0x52AF9CF29976C310E3DE03C509E108edB6edb8c0,-,-,0x86d1d41ed1772608892793d35352015acdbc1af840f3003ae556fa01218da30a
2025-04-02 19:57:36 UTC,215681,TokenGatedGroupRule,Rule,EIP1967,0x0740653858863E8f4f0c734553c2bEf0Dc54Bfa9,AdminChanged,previousAdmin,0x0000000000000000000000000000000000000000,newAdmin,0x52AF9CF29976C310E3DE03C509E108edB6edb8c0,0x34d0390c31ebe8a45d1ed31e1d2c14d760158832a2afe0cbd99dba429ac5078f
2025-04-02 19:57:36 UTC,215681,TokenGatedGroupRule,Rule,EIP1967,0x0740653858863E8f4f0c734553c2bEf0Dc54Bfa9,AdminChanged,previousAdmin,0x52AF9CF29976C310E3DE03C509E108edB6edb8c0,newAdmin,0xaAFa8246dE0ae0e7b81125db325e9B39BED43B49,0x34d0390c31ebe8a45d1ed31e1d2c14d760158832a2afe0cbd99dba429ac5078f
2025-04-02 19:57:36 UTC,215681,TokenGatedGroupRule,Rule,EIP1967,0x0740653858863E8f4f0c734553c2bEf0Dc54Bfa9,Upgraded,implementation,0x352E52D5Ba3d1141159490Ed2da9D09048Fcd09e,-,-,0x34d0390c31ebe8a45d1ed31e1d2c14d760158832a2afe0cbd99dba429ac5078f
2025-04-02 19:57:36 UTC,215681,TokenGatedGroupRule,Rule,EIP1967,0x0740653858863E8f4f0c734553c2bEf0Dc54Bfa9,Upgraded,implementation,0x52AF9CF29976C310E3DE03C509E108edB6edb8c0,-,-,0x34d0390c31ebe8a45d1ed31e1d2c14d760158832a2afe0cbd99dba429ac5078f
2025-04-02 19:59:51 UTC,215684,TokenGatedNamespaceRule,Rule,EIP1967,0xd108e4215963f9CB13f47A4B08110D0fF51D52D8,AdminChanged,previousAdmin,0x0000000000000000000000000000000000000000,newAdmin,0x52AF9CF29976C310E3DE03C509E108edB6edb8c0,0x532460fa669f3e1bef8b10addf85fc854467623da0902bac0b02e7d92d796037
2025-04-02 19:59:51 UTC,215684,TokenGatedNamespaceRule,Rule,EIP1967,0xd108e4215963f9CB13f47A4B08110D0fF51D52D8,AdminChanged,previousAdmin,0x52AF9CF29976C310E3DE03C509E108edB6edb8c0,newAdmin,0xaAFa8246dE0ae0e7b81125db325e9B39BED43B49,0x532460fa669f3e1bef8b10addf85fc854467623da0902bac0b02e7d92d796037
2025-04-02 19:59:51 UTC,215684,TokenGatedNamespaceRule,Rule,EIP1967,0xd108e4215963f9CB13f47A4B08110D0fF51D52D8,Upgraded,implementation,0x52AF9CF29976C310E3DE03C509E108edB6edb8c0,-,-,0x532460fa669f3e1bef8b10addf85fc854467623da0902bac0b02e7d92d796037
2025-04-02 19:59:51 UTC,215684,TokenGatedNamespaceRule,Rule,EIP1967,0xd108e4215963f9CB13f47A4B08110D0fF51D52D8,Upgraded,implementation,0x676f6A3ebED48a0E21118B0D98C5F20067983Eab,-,-,0x532460fa669f3e1bef8b10addf85fc854467623da0902bac0b02e7d92d796037
2025-04-02 20:00:06 UTC,215686,UsernamePricePerLengthNamespaceRule,Rule,EIP1967,0xad917a20bca258020FF81590f62Ff05366eBb180,AdminChanged,previousAdmin,0x0000000000000000000000000000000000000000,newAdmin,0x52AF9CF29976C310E3DE03C509E108edB6edb8c0,0xee3b638ca685c7d575d0045c3a6980420caad19f173f3feca1c938806dcee689
2025-04-02 20:00:06 UTC,215686,UsernamePricePerLengthNamespaceRule,Rule,EIP1967,0xad917a20bca258020FF81590f62Ff05366eBb180,AdminChanged,previousAdmin,0x52AF9CF29976C310E3DE03C509E108edB6edb8c0,newAdmin,0xaAFa8246dE0ae0e7b81125db325e9B39BED43B49,0xee3b638ca685c7d575d0045c3a6980420caad19f173f3feca1c938806dcee689
2025-04-02 20:00:06 UTC,215686,UsernamePricePerLengthNamespaceRule,Rule,EIP1967,0xad917a20bca258020FF81590f62Ff05366eBb180,Upgraded,implementation,0x515b14c04E0D97AD83CCc8de58448790E0fDDb1d,-,-,0xee3b638ca685c7d575d0045c3a6980420caad19f173f3feca1c938806dcee689
2025-04-02 20:00:06 UTC,215686,UsernamePricePerLengthNamespaceRule,Rule,EIP1967,0xad917a20bca258020FF81590f62Ff05366eBb180,Upgraded,implementation,0x52AF9CF29976C310E3DE03C509E108edB6edb8c0,-,-,0xee3b638ca685c7d575d0045c3a6980420caad19f173f3feca1c938806dcee689
2025-04-03 18:23:44 UTC,218350,FeedBeacon,Beacon,-,0xe8Cb8DA8d2Ea4C5A40E6d8D4F3181AfdB9409D66,ImplementationSetForVersion,version,3,implementation,0xA046489A6c1D5779506AcA5A4C8f3320A724A3F2,0xc9e7f689d98f62c9bf49795657c373da534fb0364ec4e663af1fb95fc3af84f2
2025-04-03 18:23:46 UTC,218351,FeedBeacon,Beacon,-,0xe8Cb8DA8d2Ea4C5A40E6d8D4F3181AfdB9409D66,DefaultVersionSet,version,3,-,-,0xef8208e2b7d8058241903ae4a61cb2bcc05fd2c4b5594e5e355f4936fa037be2
2025-04-03 18:27:38 UTC,218354,LensGlobalFeed,Primitive,BeaconProxy,0xcB5E109FFC0E15565082d78E68dDDf2573703580,Upgraded,implementation,0xA046489A6c1D5779506AcA5A4C8f3320A724A3F2,-,-,0xdb7354133e1cd1c68863239cb7395b363acd96c6662d504f2d6862b780ffc2f7
2025-04-03 18:54:59 UTC,218597,AccountBlockingRule,Rule,EIP1967,0x3B766408f14141F4B567681A1c29CFB58D1C1574,Upgraded,implementation,0xb575300FF68c9b38d1D7cF21C773853d40E6EC19,-,-,0x047b8d03dc29a9610552373736236ef0bddaad983766e55166178612cb5ca463
2025-04-03 20:44:31 UTC,218659,AccountBlockingRule,Rule,EIP1967,0x3B766408f14141F4B567681A1c29CFB58D1C1574,Upgraded,implementation,0xb6607e2678FD4b28858Ee7ee447C236d23b71c28,-,-,0x27f6d553460d416debb6305c11d76d39a30552a640c526cec1b162d8793f8afe
2025-04-04 06:50:39 UTC,219192,NamespaceBeacon,Beacon,-,0xD381e0d1500bA1bddc2593CB8044eff3a68AB486,ImplementationSetForVersion,version,4,implementation,0x37862Fc1101B6A4C58eC780235198832825a6d74,0xdc474c9910a2f93f47fd472bd86bf0050928a1b703fa26129fea543fc664fb8b
2025-04-04 06:50:40 UTC,219193,NamespaceBeacon,Beacon,-,0xD381e0d1500bA1bddc2593CB8044eff3a68AB486,DefaultVersionSet,version,4,-,-,0xac29061bc9ba8fa63e128612c666f88f1624ade37461f2777540591aea2d5b31
2025-04-04 06:55:47 UTC,219197,NamespaceBeacon,Beacon,-,0xD381e0d1500bA1bddc2593CB8044eff3a68AB486,ImplementationSetForVersion,version,5,implementation,0xB974A58B7D3F7c73EE10FEF6c4C54e9ba56d719D,0x7fa9511744dc7e7fac65b874ddc606955e6bea24a820b9f2f669612c5172327d
2025-04-04 06:55:49 UTC,219198,NamespaceBeacon,Beacon,-,0xD381e0d1500bA1bddc2593CB8044eff3a68AB486,DefaultVersionSet,version,5,-,-,0x566fc60ba5338e302b47a8639c37197af91b023cffc4487cdbc9234007e291a8
2025-04-04 10:10:09 UTC,219288,LensGlobalNamespace,Primitive,BeaconProxy,0x1aA55B9042f08f45825dC4b651B64c9F98Af4615,Upgraded,implementation,0xB974A58B7D3F7c73EE10FEF6c4C54e9ba56d719D,-,-,0x6a751c5c89b6f91a0ac86eae2dc416efd21a026a7e26a28ca451924caa76abf5
2025-04-04 11:12:59 UTC,220103,AccountBeacon,Beacon,-,0x677D8BEe894ae646Ceb1cfCe7dB16de2ef2792e5,ImplementationSetForVersion,version,3,implementation,0x7b246145A45744770F98bBACB8296140E3F6e784,0x8571bd514000f6d1bd4d9dea7e7844da2e32df83b4953d307bbde6f410fe0598
2025-04-04 11:13:01 UTC,220104,AccountBeacon,Beacon,-,0x677D8BEe894ae646Ceb1cfCe7dB16de2ef2792e5,DefaultVersionSet,version,3,-,-,0x25cf5d2ae96ed2f45a03d33a09b22c8473b349d4321abd08ac8ba5b0cafaa6f0
2025-04-04 11:47:15 UTC,220502,AccountBeacon,Beacon,-,0x677D8BEe894ae646Ceb1cfCe7dB16de2ef2792e5,ImplementationSetForVersion,version,10000,implementation,0xbC871ea4B54cDd1371a5D1a9a62044D89448d450,0x7e9f6f5369248dcc81b2659555e658facfc03a240a3c3c05b13b9fa3c3de86fd
2025-04-04 11:47:17 UTC,220503,AccountBeacon,Beacon,-,0x677D8BEe894ae646Ceb1cfCe7dB16de2ef2792e5,DefaultVersionSet,version,10000,-,-,0xf2db70f1c0b6c695ebca4a4f8ddbaa64bf01afed6c46907872e8ffac9ef7b9ee
2025-04-04 11:48:14 UTC,220505,AppBeacon,Beacon,-,0xF968b41ee7BF6f8bFFB71CD38905f9943Ff4ffbB,ImplementationSetForVersion,version,10000,implementation,0xBF3773B6a2B4ac8c1D3e38B6f362bD4B74398b6C,0x4459f8b256f16726554869b8b422f9e4a957f3d77bbfeb9670426e6e2ac2a5b0
2025-04-04 11:48:18 UTC,220506,AppBeacon,Beacon,-,0xF968b41ee7BF6f8bFFB71CD38905f9943Ff4ffbB,DefaultVersionSet,version,10000,-,-,0x47bdacc8402bea0b824a36d1fe53a4468ebf16c3c47b3edc973fad1353ec7d62
2025-04-04 11:48:53 UTC,220508,FeedBeacon,Beacon,-,0xe8Cb8DA8d2Ea4C5A40E6d8D4F3181AfdB9409D66,ImplementationSetForVersion,version,10000,implementation,0x53DbB795cE5a922A86b0bBBb820f365F2151CE4B,0xa38271bcbebafb40fe95d4e196c429ee956dfab3bd7febfa3b2f025624ab4e37
2025-04-04 11:48:56 UTC,220509,FeedBeacon,Beacon,-,0xe8Cb8DA8d2Ea4C5A40E6d8D4F3181AfdB9409D66,DefaultVersionSet,version,10000,-,-,0x0f0dd5f5213573127f8855f2f877722bb398a26bbdb2fc143c066adc33589451
2025-04-04 11:49:26 UTC,220511,GraphBeacon,Beacon,-,0x3195c60A6869C3614949EE02eE21116891CF6c17,ImplementationSetForVersion,version,10000,implementation,0x24b55E16c90E1F6C441F0a25c2A64bB83b6e1A73,0xab7fc1e4c30e9b2ee4654aa0f3e4431de6259483b60d13a11db68e50df815654
2025-04-04 11:49:29 UTC,220512,GraphBeacon,Beacon,-,0x3195c60A6869C3614949EE02eE21116891CF6c17,DefaultVersionSet,version,10000,-,-,0x557a4adbfb34889b71454d0178c47d5c7daecae55183b6e1787a278f4209316c
2025-04-04 11:49:57 UTC,220514,GroupBeacon,Beacon,-,0xE995ecD7310EA8c764d7Fa9c145Ac42538ce0338,ImplementationSetForVersion,version,10000,implementation,0x01469AFC10D5F03cC3E73ae2B350893C2bd257Ef,0xf11d9dab47b6006f8614f5e97fd30f64320974ecac1f281882fae169b929b96c
2025-04-04 11:49:59 UTC,220515,GroupBeacon,Beacon,-,0xE995ecD7310EA8c764d7Fa9c145Ac42538ce0338,DefaultVersionSet,version,10000,-,-,0x82064f0e092ffea7ca4f10efc27f001330a799f02e9df7184f4d1de8ac026a26
2025-04-04 11:50:32 UTC,220517,NamespaceBeacon,Beacon,-,0xD381e0d1500bA1bddc2593CB8044eff3a68AB486,ImplementationSetForVersion,version,10000,implementation,0x1Cfb6619bAEE3F5E47236E6B2e166B4B8ACf1e6f,0x744157b0f5dbb78b9fb4b28677e320676efe248e929a3385e0ec40745fa89b9f
2025-04-04 11:50:34 UTC,220518,NamespaceBeacon,Beacon,-,0xD381e0d1500bA1bddc2593CB8044eff3a68AB486,DefaultVersionSet,version,10000,-,-,0xa06286cf33aa0554ffafda45af5e40bf564a05a8aab187b2d04eff9fefc924a9
2025-04-04 11:51:24 UTC,220522,AccessControlFactory,Factory,EIP1967,0x0d028419c270C2d366929f459418a4905D1B778F,Upgraded,implementation,0x2c87697FACd319959BEA999dd2cC7d27342F3554,-,-,0x89b1fa00ba87b37a6b96e29983a17f13e84efd87c67be5b8f720880ba6aaf328
2025-04-04 11:51:46 UTC,220524,AccountFactory,Factory,EIP1967,0x26C7fd63B06deb4F9E4B5955D540767b9Ac7bbaa,Upgraded,implementation,0xE238cEFc68F9CD55061a8Ab7E339cF9178dFf55B,-,-,0x8748ab202a51d44fc1b643b4fee7e878ba8506f50a61187900e5b51d167c165e
2025-04-04 11:52:08 UTC,220526,AppFactory,Factory,EIP1967,0xB3b7502C47E16a1E3c6d660b73006f45Ec327B0B,Upgraded,implementation,0x7599371450F2D8e0d47a9A1cceba263c07326500,-,-,0x34db6d8a596fa145aca03b9cf86f64c94a99a1862f1a751d8a65d51e17b1dc11
2025-04-04 11:52:37 UTC,220528,FeedFactory,Factory,EIP1967,0x591c6e036a6bC92C6bF0d1dB991D06E74C2B9a6A,Upgraded,implementation,0xB86fD4e2e4B6497Be2124060E8876F6e2270D517,-,-,0x3fdc36911064956c6b36f541a44871f717e81efe4db8ab3789ee66dc15da3d9d
2025-04-04 11:53:03 UTC,220531,GraphFactory,Factory,EIP1967,0x837E95c3A69Cd6efa3eCDE87A3a07801AAB25Ba0,Upgraded,implementation,0x6D47B89d2b42680091C71c2B518e497727D60a5A,-,-,0x7b520fe8eb6a2772151616badbb2a44996cbc0f1f0bd7a3bcf14de66bdad48ac
2025-04-04 11:53:30 UTC,220533,GroupFactory,Factory,EIP1967,0x9810C41e805164f30b58395b2Af976B3229b0CE6,Upgraded,implementation,0xd789934b2200ac1fC54Ba89fa24E2aE7BCEf6Be5,-,-,0x5287b4545d9a5dfa344e66dc6a1a616ed379098def3d1b1326a1b5abb4772df6
2025-04-04 11:54:00 UTC,220535,NamespaceFactory,Factory,EIP1967,0x3155ccbeefbA266a4B6060fB1F9d4b8591d1De3F,Upgraded,implementation,0x840C2394546C410AAe6D14D127CF8f14B5ed041C,-,-,0x3d3cf3f0fce87911a729ff1ba23ddb5fa6f30918d8e680ccb35c4b9291f00958
2025-04-04 11:55:06 UTC,220537,LensFactory,Factory,EIP1967,0x1fa75D26819Ac733bf7B1C1B36C3F8aEF32d2Cc0,Upgraded,implementation,0xd28bBAd2Cd8047d09cEB72FDE7f372e89DC3525F,-,-,0x1749c69e45305df324e8337671f15b6535cbc6519d0f60a660f97e5da06c9676
2025-04-04 12:32:22 UTC,220557,LensGlobalNamespace,Primitive,BeaconProxy,0x1aA55B9042f08f45825dC4b651B64c9F98Af4615,Upgraded,implementation,0x1Cfb6619bAEE3F5E47236E6B2e166B4B8ACf1e6f,-,-,0x6edd46168343a074e44d6e0f8e45bbd02959b2471c75fef239bceb687d519d24
2025-04-04 12:32:23 UTC,220558,LensGlobalFeed,Primitive,BeaconProxy,0xcB5E109FFC0E15565082d78E68dDDf2573703580,Upgraded,implementation,0x53DbB795cE5a922A86b0bBBb820f365F2151CE4B,-,-,0x192585e226c7348033b76194df4d128cbd37f00d72a0a39a86172a1262b6485e
2025-04-04 12:32:23 UTC,220558,LensGlobalGraph,Primitive,BeaconProxy,0x433025d9718302E7B2e1853D712d96F00764513F,Upgraded,implementation,0x24b55E16c90E1F6C441F0a25c2A64bB83b6e1A73,-,-,0xe666daf940bc80bc155c3260668d3c924db5589dfe02d979f4124b804ec6ea90
2025-04-18 15:58:25 UTC,736983,AccountFactory,Factory,EIP1967,0x26C7fd63B06deb4F9E4B5955D540767b9Ac7bbaa,Upgraded,implementation,0x90aF11A79ACC09b7B2A871B4C77B41e4D06d2993,-,-,0xa82b3deb12601f5dcadb859e7874af6a9bb277a8efef770e53d35dca0625ec43
2025-04-22 12:20:35 UTC,870415,AccountFactory,Factory,EIP1967,0x26C7fd63B06deb4F9E4B5955D540767b9Ac7bbaa,Upgraded,implementation,0xE238cEFc68F9CD55061a8Ab7E339cF9178dFf55B,-,-,0x02418f929ca725e81222ea3770629defe1cb2acdbb0988fbeaddfee9cf6bf0f4
2025-05-27 15:31:34 UTC,2106742,ActionHub,Aux,EIP1967,0xc6D57Ee750Ef2ee017a9E985A0C4198bEd16A802,Upgraded,implementation,0x4596724eA4bA9Cac81CDcD0d1ca860a3a92248b5,-,-,0xdf7d4910198e76af22a4b483fa001dd656517fce9e2a8c66d34b1759b957d64b
2025-05-27 15:33:53 UTC,2106830,TippingPostAction,Action,EIP1967,0x4984Ec4FfD17E64c8F91691D829BD5aeA287E47b,Upgraded,implementation,0xc976641660A15cc66C26f10BD72e4F956EAAFD4f,-,-,0xc6bf219d8663f7f906e13b38f4918f762fccc5196a6d592b8d97c202408fa4f0
2025-05-27 15:34:34 UTC,2106852,TippingAccountAction,Action,EIP1967,0x20170F1e53851dF4d9ea236a28399493C5B152c0,Upgraded,implementation,0xA2fc9eDa3F7f90DA9f7Fa40646d631986D5B3c74,-,-,0x316209e640cd2147cc497e042ab393ca1c7ca9e6c27256e7b6f029ee79c1b19b
2025-05-27 15:35:15 UTC,2106872,SimpleCollectAction,Action,EIP1967,0x1cEE1cd464C4E44e80aCDB0B0e33f88849070F6E,Upgraded,implementation,0x1b5ADAc187Aa132D80B41E14B7C5b1F7AD794074,-,-,0xf6af2fb2c78c7462bb973deee67c459fca41af7d5300fd475126ce60c08beda1
2025-06-05 10:19:33 UTC,2364342,AccountBeacon,Beacon,-,0x677D8BEe894ae646Ceb1cfCe7dB16de2ef2792e5,ImplementationSetForVersion,version,10001,implementation,0xDe00E6589b839CA97935F182E7A863566B63aD2c,0xf5d3ba7acaec5e9549521d2c3758b55628eb9da0ff502380d6fa61c305813968
2025-06-05 10:19:34 UTC,2364343,AccountBeacon,Beacon,-,0x677D8BEe894ae646Ceb1cfCe7dB16de2ef2792e5,DefaultVersionSet,version,10001,-,-,0x54ba019e56150a93563887c0b4b0e0221acceba149e5307262db1d8816581493
2025-06-20 12:32:45 UTC,2725533,LensNativePaymentHelper,Aux,EIP1967,0x1cCf0A481e3824E271C4b89a79E00c838D4A465B,AdminChanged,previousAdmin,0x0000000000000000000000000000000000000000,newAdmin,0x52AF9CF29976C310E3DE03C509E108edB6edb8c0,0xc2bc45c2166f68f0d111b4b1b071efc40158a4c4af0dfb6c320c87fbe8a77053
2025-06-20 12:32:45 UTC,2725533,LensNativePaymentHelper,Aux,EIP1967,0x1cCf0A481e3824E271C4b89a79E00c838D4A465B,AdminChanged,previousAdmin,0x52AF9CF29976C310E3DE03C509E108edB6edb8c0,newAdmin,0xaAFa8246dE0ae0e7b81125db325e9B39BED43B49,0xc2bc45c2166f68f0d111b4b1b071efc40158a4c4af0dfb6c320c87fbe8a77053
2025-06-20 12:32:45 UTC,2725533,LensNativePaymentHelper,Aux,EIP1967,0x1cCf0A481e3824E271C4b89a79E00c838D4A465B,Upgraded,implementation,0x52AF9CF29976C310E3DE03C509E108edB6edb8c0,-,-,0xc2bc45c2166f68f0d111b4b1b071efc40158a4c4af0dfb6c320c87fbe8a77053
2025-06-20 12:32:45 UTC,2725533,LensNativePaymentHelper,Aux,EIP1967,0x1cCf0A481e3824E271C4b89a79E00c838D4A465B,Upgraded,implementation,0xf14155b9F77E2302A8a849038B94891F98909C7b,-,-,0xc2bc45c2166f68f0d111b4b1b071efc40158a4c4af0dfb6c320c87fbe8a77053
2025-06-20 12:48:12 UTC,2725849,SimplePaymentFeedRule,Rule,EIP1967,0xD79dfb3f8290c0Da1899B91C3BbFE9aB56198004,Upgraded,implementation,0xd9d34b26259ca6EE44bfd1040498095B86E8a796,-,-,0x68474464bc787a581227a40cbbbf7ca163cbf71f9f91c3beeef45840f2073338
2025-06-20 12:49:00 UTC,2725863,SimplePaymentFollowRule,Rule,EIP1967,0x10E044f026bD51f855a10F2277e35Ed4c896db7e,Upgraded,implementation,0x8F7F84D11Ea2454914900ccDaf834912597e4e36,-,-,0x0b60a61672d1b1f0c50dff3b214a0663039236a43910efe3fd61420b652b2e8a
2025-06-20 12:50:31 UTC,2725898,SimplePaymentGroupRule,Rule,EIP1967,0x6d2251D69fba6D7e761c72d55Cf478d741cB4Ac1,Upgraded,implementation,0x6B32CB6Bd0F966A3a1b8ea88819657aaC614a900,-,-,0x994424502698fa285d1226d794717b1731568d36549a971874641add094a386b
2025-06-20 12:51:07 UTC,2725913,UsernamePricePerLengthNamespaceRule,Rule,EIP1967,0xad917a20bca258020FF81590f62Ff05366eBb180,Upgraded,implementation,0xFDD1eD00eFAB19fD43217cD56217466720e33717,-,-,0x2a18adbf261742cb1c7189c5ae2a2a4bf457ef0f066b723643cb9003ec1b1ff7
2025-06-20 12:55:38 UTC,2726010,NamespaceBeacon,Beacon,-,0xD381e0d1500bA1bddc2593CB8044eff3a68AB486,ImplementationSetForVersion,version,10001,implementation,0x3b670D827E2D9c665e8eB28e7758A24C2048FD91,0x33162ed626e858caaeb9199149a99a97d663cc764df4e37b644a76de5bbfdcb0
2025-06-20 12:55:39 UTC,2726011,NamespaceBeacon,Beacon,-,0xD381e0d1500bA1bddc2593CB8044eff3a68AB486,DefaultVersionSet,version,10001,-,-,0x153681542114abf454f26978e5e5a0c23ff4c5e8ac45b0ed23c8273bf78f1514
2025-06-20 12:56:29 UTC,2726035,LensGlobalNamespace,Primitive,BeaconProxy,0x1aA55B9042f08f45825dC4b651B64c9F98Af4615,Upgraded,implementation,0x3b670D827E2D9c665e8eB28e7758A24C2048FD91,-,-,0x7c3430a216ba174c1be34cec794cf20cc1315150bbc38f8e1315b757426692f0
2025-07-02 19:03:05 UTC,3033982,SimpleCollectAction,Action,EIP1967,0x1cEE1cd464C4E44e80aCDB0B0e33f88849070F6E,Upgraded,implementation,0xB23c2Cf3bFB8FC9814b223cfb9e864c8DB3D59b6,-,-,0x76321a5589213e090c4b1dc17829a8a40d7b516291c913f85938072ce9a16be1
2025-07-04 18:59:48 UTC,3084832,SimpleCollectAction,Action,EIP1967,0x1cEE1cd464C4E44e80aCDB0B0e33f88849070F6E,Upgraded,implementation,0x549B53Ee0D0b554bB6Bc436Abc48EA24493FF5B6,-,-,0xb52a90af721a87b3acc2e3cc0939a616ba145536960916b1f2ba78a4827c6730
2025-07-10 17:36:20 UTC,3233925,AccountBeacon,Beacon,-,0x677D8BEe894ae646Ceb1cfCe7dB16de2ef2792e5,ImplementationSetForVersion,version,10002,implementation,0x75B2419a7fcb4603c2e53f7cb4F7B997958ABEDf,0xe1318c492f2ff6dc38bead32beb584ac7dd2f36c132e19854f9865f046e5fdfe
2025-07-10 17:36:22 UTC,3233926,AccountBeacon,Beacon,-,0x677D8BEe894ae646Ceb1cfCe7dB16de2ef2792e5,DefaultVersionSet,version,10002,-,-,0x4541427bddd6711220cf46e4cffe5ccaa9ab151654b8b2139312bd00ca5c2f62
2025-07-14 17:12:34 UTC,3318002,AccountBeacon,Beacon,-,0x677D8BEe894ae646Ceb1cfCe7dB16de2ef2792e5,ImplementationSetForVersion,version,10002,implementation,0x6b7CD0beC10f8F7D3ECD8159f978a42ab97Ac4cA,0xc23c5387c8e2a0a78271c57053716aded4a38778d64ddb6c8e62b6139b407c66
2025-07-17 14:59:45 UTC,3382893,TokenDistributor,Misc,EIP1967,0x2a705184A6Bb7Dd185E4534d79E441B3edA1082c,AdminChanged,previousAdmin,0x0000000000000000000000000000000000000000,newAdmin,0x52AF9CF29976C310E3DE03C509E108edB6edb8c0,0x49263c7e499f5c6a6175c93612251f5c1f62c0ed939968b3de514956315de6c4
2025-07-17 14:59:45 UTC,3382893,TokenDistributor,Misc,EIP1967,0x2a705184A6Bb7Dd185E4534d79E441B3edA1082c,AdminChanged,previousAdmin,0x52AF9CF29976C310E3DE03C509E108edB6edb8c0,newAdmin,0xaAFa8246dE0ae0e7b81125db325e9B39BED43B49,0x49263c7e499f5c6a6175c93612251f5c1f62c0ed939968b3de514956315de6c4
2025-07-17 14:59:45 UTC,3382893,TokenDistributor,Misc,EIP1967,0x2a705184A6Bb7Dd185E4534d79E441B3edA1082c,Upgraded,implementation,0x52AF9CF29976C310E3DE03C509E108edB6edb8c0,-,-,0x49263c7e499f5c6a6175c93612251f5c1f62c0ed939968b3de514956315de6c4
2025-07-17 14:59:45 UTC,3382893,TokenDistributor,Misc,EIP1967,0x2a705184A6Bb7Dd185E4534d79E441B3edA1082c,Upgraded,implementation,0xC76589dcaaf4e4A2B83EF0f1cb6514e8fB5Db958,-,-,0x49263c7e499f5c6a6175c93612251f5c1f62c0ed939968b3de514956315de6c4
2025-07-21 17:38:49 UTC,3463573,FeedBeacon,Beacon,-,0xe8Cb8DA8d2Ea4C5A40E6d8D4F3181AfdB9409D66,ImplementationSetForVersion,version,10001,implementation,0x35c283825A8157362A1E2e2986C7E4ce2A9B742b,0xd1c464b3a16139c3a206371b4bfe607a20d8a6efffa31c2b902712fe138b80db
2025-07-21 17:38:51 UTC,3463574,FeedBeacon,Beacon,-,0xe8Cb8DA8d2Ea4C5A40E6d8D4F3181AfdB9409D66,DefaultVersionSet,version,10001,-,-,0x525d76933a2c4a702de17d8de53f7f88967ca6ee2f3693f805b41a396d8ab9fb
2025-07-21 17:38:53 UTC,3463575,LensGlobalFeed,Primitive,BeaconProxy,0xcB5E109FFC0E15565082d78E68dDDf2573703580,Upgraded,implementation,0x35c283825A8157362A1E2e2986C7E4ce2A9B742b,-,-,0xe4b1113891b6e5d6f8d8a762e50578822dd81b71a3b354cbe4100eacadb6319c
2025-07-21 17:39:17 UTC,3463581,GraphBeacon,Beacon,-,0x3195c60A6869C3614949EE02eE21116891CF6c17,ImplementationSetForVersion,version,10001,implementation,0xf1E38F8C92Ef37585BceF08FbD59e64f5a4B1871,0x7a680263182a5a5c0df38b6ecc38b56298512480cd459513af789b430452203b
2025-07-21 17:39:19 UTC,3463582,GraphBeacon,Beacon,-,0x3195c60A6869C3614949EE02eE21116891CF6c17,DefaultVersionSet,version,10001,-,-,0x0a942948d71d304861ff038cb39063fb04cdcd216540ae5bea6d5757945ad44b
2025-07-21 17:39:20 UTC,3463583,LensGlobalGraph,Primitive,BeaconProxy,0x433025d9718302E7B2e1853D712d96F00764513F,Upgraded,implementation,0xf1E38F8C92Ef37585BceF08FbD59e64f5a4B1871,-,-,0xa02bff914f985e3b653cb543b5f3355c2fa4386644272beafaeb4c16866c4599
2025-07-21 17:39:53 UTC,3463590,GroupBeacon,Beacon,-,0xE995ecD7310EA8c764d7Fa9c145Ac42538ce0338,ImplementationSetForVersion,version,10001,implementation,0x39aAfc30684956BC872E6109877650817Da74b5F,0x29e740a00bc2eae05a3260c783bce031c59afacb7ccfbf5278cb803595574d7f
2025-07-21 17:40:08 UTC,3463592,GroupBeacon,Beacon,-,0xE995ecD7310EA8c764d7Fa9c145Ac42538ce0338,DefaultVersionSet,version,10001,-,-,0xecac8c46ca45aed5f334703bc1cc9e3aab89a7c8343e7d9424828e97f1bb84b5
2025-07-21 17:40:40 UTC,3463597,NamespaceBeacon,Beacon,-,0xD381e0d1500bA1bddc2593CB8044eff3a68AB486,ImplementationSetForVersion,version,10001,implementation,0xe3afBf23d2054e13A1c0373061945b8cc024B968,0xba45725008d914b5bf7db04e49afa5956ee131b6dfd260d51a2e34fdaa73dea2
2025-07-21 17:41:03 UTC,3463605,LensGlobalNamespace,Primitive,BeaconProxy,0x1aA55B9042f08f45825dC4b651B64c9F98Af4615,Upgraded,implementation,0xe3afBf23d2054e13A1c0373061945b8cc024B968,-,-,0xd0f38cacb09284d7f29692fc55f3a54077a7de08700040559217eefddd006e3a
2025-08-06 18:21:48 UTC,3744247,AccountFactory,Factory,EIP1967,0x26C7fd63B06deb4F9E4B5955D540767b9Ac7bbaa,AdminChanged,previousAdmin,0xaAFa8246dE0ae0e7b81125db325e9B39BED43B49,newAdmin,0xa36Ba0Fd8cD35266A5E6CEdfB7E969BeEED32d64,0x041c9213a9aae77434e41a38ca0bdadd3a54f9da2455b7e86309c0f84b6971df
2025-08-06 18:21:50 UTC,3744248,LensFactory,Factory,EIP1967,0x1fa75D26819Ac733bf7B1C1B36C3F8aEF32d2Cc0,AdminChanged,previousAdmin,0xaAFa8246dE0ae0e7b81125db325e9B39BED43B49,newAdmin,0xa36Ba0Fd8cD35266A5E6CEdfB7E969BeEED32d64,0x658495b3461475342d6e7121e731eea55362af18f34feea02e35085e3632e3bb
